,first_name,address,city,phone,email,web,salary,birthdate,age
0,Melanie,"4681 Samuel Tunnel Suite 990
Port Regina, UT 19998",Loriville,284.688.5971x299,a*****z@hotmail.com,https://www.miranda.com/,50000,2001-07-16 15:09:18.117475200,23
1,Gary,"954 Thomas Isle
Stephensonmouth, MT 85259",West Carolineside,+1-487-424-9873,e*****s@gmail.com,http://lester.com/,30000,2003-06-29 04:09:51.325948800,11
2,Kaitlin,"Unit 4514 Box 2583
DPO AA 01823",Rachelton,539-250-0811,f*****e@hotmail.com,https://www.norman.com/,30000,2002-07-18 18:56:29.090025600,15
3,Michele,"PSC 4379, Box 4037
APO AP 31176",Armstrongport,(851)432-7205x330,u*****s@hotmail.com,https://www.nelson.net/,40000,2000-04-30 21:59:48.621840000,30
4,Krystal,"43277 Katelyn Freeway Apt. 333
New Garymouth, NE 68967",Port Nicole,+1-632-909-1415x785,t*****s@hotmail.com,http://www.barber-fox.com/,40000,1999-03-18 05:19:37.687008000,22
5,Brittany,"211 Karen Fields Apt. 421
North Nathaniel, IN 19376",East Joshire,350-538-0255x39896,e*****y@rampy.co.uk,http://wilson.com/,50000,2003-01-28 21:39:26.501616000,23
6,Ricky,"359 Chad Pass Apt. 318
Ortizchester, VT 99760",Cookhaven,5571038119,m*****g@hotmail.com,http://terry-mcdonald.com/,40000,1999-02-03 00:17:31.097904000,27
7,Heather,"1771 Hill Station Apt. 290
Jesseborough, NV 65664",Port Sara,(417)053-1366x55624,l*****a@yahoo.com,http://www.andrews.com/,40000,2007-12-05 07:02:42.176889600,5
8,Michelle,"9863 Short Ville Suite 654
Miguelland, OH 34735",South Elizabethview,308-584-3054x991,l*****a@hotmail.com,https://www.campbell.com/,50000,2008-08-13 12:28:59.078294400,9
9,Rodney,"878 Moore Springs
Lake Alice, TX 75297",Nicholasborough,(812)435-9805,y*****c@klapec.co.uk,http://evans-velasquez.com/,30000,1997-03-31 10:10:10.837142400,31
10,Anna,"PSC 5516, Box 5830
APO AE 38612",Kimfurt,414-772-5051,f*****a@writer.co.uk,http://collins-banks.info/,50000,2006-02-28 08:14:06.279244800,10
11,Gail,"0987 Cochran Points Apt. 664
Josephfurt, AL 91233",Millstown,001-343-096-9124x2017,c*****m@gmail.com,https://www.schwartz-torres.com/,40000,2000-03-06 02:33:02.912976000,14
12,Shawn,"6011 David Junctions Suite 297
South Kristinaland, AZ 99718",Leachmouth,001-052-215-7704x6538,c*****t@gmail.com,http://christensen.com/,50000,2000-09-13 03:12:19.873612800,12
13,Valerie,"6045 Forbes Cliff Apt. 424
Haleychester, MT 48172",New Shanetown,+1-011-652-7617,n*****h@yahoo.com,https://www.rich-reed.com/,30000,2007-10-08 09:49:01.001222400,15
14,Leslie,"4269 Shannon Course
North Christophertown, LA 20999",Stewartside,001-739-373-8793x94674,r*****m@gastellum.co.uk,http://taylor.com/,40000,1990-11-03 23:44:47.719161600,39
15,Joseph,"1591 Gordon Fords Apt. 911
Ericachester, WV 93065",Hicksview,(496)537-0251x9132,m*****l@throssell.co.uk,https://www.kennedy.biz/,40000,1991-08-03 13:35:59.736681599,28
16,Gary,"454 Rodriguez Walk
East Justinland, DE 43240",Cesarmouth,(465)985-8996x88387,e*****e@yahoo.com,http://quinn.com/,30000,1990-07-24 17:10:28.850793600,29
17,Brittany,"PSC 9841, Box 7087
APO AA 90282",Wigginsland,754-958-8615x28192,d*****o@hotmail.com,https://greene-mills.info/,40000,2006-04-25 02:53:39.111907200,23
18,Nicholas,"693 Mary Junction Apt. 751
Ramirezbury, MO 20390",Ianview,+1-383-548-0428x1104,c*****o@spinello.co.uk,https://www.lopez.com/,40000,2005-08-23 05:07:02.418816000,25
19,Melody,"USNS Campos
FPO AE 10717",Carrside,+1-355-796-2657,m*****i@yahoo.com,https://www.schwartz.com/,50000,2007-03-28 07:24:36.439862400,5
20,Marc,"Unit 0330 Box 7286
DPO AA 99481",West Elijahport,(267)834-8196,p*****s@yahoo.com,http://johnson.com/,50000,2009-04-30 18:51:16.561699200,20
21,Rachel,"8707 Miller Centers
Danielleland, HI 50281",New Charlestown,512-757-0297x3887,o*****e@yahoo.com,https://morris-cardenas.com/,40000,2005-04-25 15:39:33.422428800,19
22,Lindsey,"43336 Justin Way
Coryberg, RI 75201",Weissview,+1-044-079-4901x973,m*****a@teplica.co.uk,https://www.little.info/,50000,1999-12-24 13:38:14.261567999,31
23,Mark,"6986 Laurie Mountain Suite 556
Ralphberg, NV 51310",Port Jonathan,409.638.2717,t*****l@veigel.co.uk,https://www.hernandez.org/,50000,2005-01-16 13:06:28.392393600,20
24,Sarah,"27783 Holloway Plaza
Gatesburgh, SD 29995",Allisonside,001-003-419-0514x123,t*****a@hotmail.com,http://www.reed.com/,30000,1992-08-11 02:42:39.346387200,38
25,Shirley,"01754 Shawn Parkways Apt. 535
Port Ryan, PA 62440",South Stephen,140.578.9098x7254,l*****r@kufner.co.uk,https://www.yoder.info/,40000,2002-09-19 06:18:41.629161600,17
26,Michael,"8577 Matthews Fort Apt. 489
Gabrielfort, MN 19560",Sotofurt,6621078476,s*****s@tauras.co.uk,https://roberts.com/,40000,1993-02-13 08:08:19.778784000,24
27,David,"USS Horton
FPO AE 06041",East Aliciashire,453-977-2245,p*****k@yahoo.com,https://www.harris.com/,40000,2009-05-20 18:01:35.728089600,18
28,Gina,"78335 Debra Square Suite 200
Carterstad, WI 89440",Jasmineborough,(379)150-6650x9660,a*****k@growcock.co.uk,http://fox-stephens.biz/,40000,2000-05-05 14:58:19.664198400,15
29,Louis,"Unit 9826 Box 5623
DPO AA 62228",North Hannah,083.496.6923,k*****o@gmail.com,https://lucas.org/,30000,1998-01-22 12:28:59.540534400,24
30,Peter,"Unit 9271 Box 1709
DPO AE 24542",Galvanview,+1-577-725-7731x760,r*****r@yahoo.com,https://www.hansen.net/,30000,1994-12-13 20:14:21.295910400,19
31,Justin,"53565 Ashley Neck Apt. 852
South Kathleenfurt, VA 58384",Lake Kimberly,+1-783-720-0828,g*****n@hotmail.com,http://smith.com/,30000,2006-03-25 13:13:55.344518400,17
32,Jacob,"92541 John Pike
Lake Janet, NH 42343",Danielport,585-119-1365,m*****y@gmail.com,http://garza-campbell.com/,50000,1998-12-14 15:13:25.867833600,22
33,Philip,"USNS Castillo
FPO AP 62624",Lauriefurt,001-713-563-1996x38463,l*****s@hotmail.com,http://www.williams-wagner.com/,40000,2001-01-17 23:28:56.389497600,11
34,Michael,"55395 Michael Mount
New Darrenfurt, TX 66958",Lake Robert,+1-862-258-7116x066,c*****y@hotmail.com,https://www.floyd-merritt.com/,40000,1989-11-22 06:40:43.563763200,39
35,Alexander,"025 Medina Track
Rayland, UT 57469",East Shawn,+1-658-826-8784x701,a*****a@hotmail.com,https://www.wong.info/,30000,2002-06-09 10:40:42.957350400,20
36,Michael,"PSC 9200, Box 7165
APO AE 28474",Jamesborough,001-574-009-8404,m*****o@gmail.com,https://www.mata-martinez.com/,40000,2002-02-26 23:18:44.658144000,23
37,Melanie,"32079 Jason Ferry Suite 875
Garcialand, ME 21537",Stephenburgh,(978)495-1627x952,v*****e@yahoo.com,http://johnson.com/,40000,2001-08-11 07:40:29.092828799,21
38,Kenneth,"257 Boyd Ferry
Jonathanside, SD 47078",Markville,6584156408,v*****i@hotmail.com,http://stewart.info/,50000,2008-11-19 00:33:47.084659200,4
39,Alex,"48522 Jeremy Mount Suite 035
Christineport, AL 83239",Noahshire,375-147-1650,c*****g@hotmail.com,http://jennings.net/,40000,2003-04-26 09:05:54.693600000,12
40,Karen,"303 Kyle Radial Suite 674
West Juliechester, MT 88729",New Williammouth,559.319.4684,j*****e@hotmail.com,https://www.carter.com/,40000,1997-08-09 13:33:11.945548800,24
41,Laura,"98712 Jimmy Underpass Suite 293
South Michael, MA 20279",Ginabury,289-335-3700,m*****n@yahoo.com,https://vega-odonnell.com/,30000,1998-08-24 22:55:51.265171200,30
42,Scott,"399 Ramos Mission Suite 980
South Karenbury, MD 46613",Lake Vincent,168.366.2204x35840,m*****t@yahoo.com,http://thomas.net/,40000,2004-09-11 21:26:39.907248000,12
43,Roger,"234 Jill Station Apt. 029
East Scott, TX 74397",North Danielle,971.088.3490,a*****r@hotmail.com,https://www.davis.com/,30000,1991-11-10 00:10:30.350467200,28
44,James,"160 Bond Street Suite 748
Port Pamela, IN 03234",North Micheleville,766.514.0635x75244,k*****o@yahoo.com,https://gray.biz/,40000,2003-12-28 09:32:34.631174400,12
45,Steven,"440 Ryan Lights Suite 135
Port Heather, KY 05663",Melissaside,+1-980-405-1217x220,m*****a@gmail.com,https://www.santos.com/,40000,2003-01-02 16:19:35.797152000,17
46,William,"Unit 5544 Box 8432
DPO AA 96516",Wrightside,220.582.0615,t*****m@gmail.com,http://webb.org/,50000,1994-02-11 01:19:11.240112000,30
47,Clinton,"8055 Hopkins Viaduct
Lake Matthew, IL 47276",Matthewview,078.729.8715x748,l*****x@gmail.com,http://www.white-lopez.org/,50000,1992-10-01 22:27:09.849542400,24
48,Edgar,"PSC 8508, Box 1478
APO AE 19262",North Sandraview,(294)662-3232x8905,p*****f@yahoo.com,https://www.haley.com/,40000,1997-01-22 12:28:07.552012800,23
49,Andrea,"120 Butler Hills
Port Tanner, PA 47539",Haroldtown,+1-011-793-5404x340,c*****u@yahoo.com,http://boyd-martinez.com/,50000,1997-06-12 06:30:05.112604800,28
50,Amy,"950 Carla Springs Apt. 845
Kelseyshire, AR 43874",Bakertown,+1-653-161-8709x7141,a*****a@gmail.com,https://www.ramos.com/,50000,2001-09-24 20:34:57.043747200,14
51,Bruce,"626 Victoria Ramp
Meyerland, WI 62476",Lake Loriborough,(294)600-2810x20245,d*****e@hotmail.com,http://www.sanchez-lopez.net/,50000,1998-08-14 10:08:37.595558400,21
52,Mark,"1134 Patricia Stream Suite 845
Lynchview, CA 04192",New Kaitlynside,+1-929-714-3451x071,r*****e@neufville.co.uk,http://nichols.com/,40000,2009-08-05 01:25:20.138390400,20
53,Kaitlin,"3512 Morris Expressway
Territown, NM 29085",West Jennashire,001-889-661-9091x2430,d*****n@gmail.com,http://patterson.com/,40000,1991-04-18 12:56:43.064880000,22
54,Cathy,"56844 Rios Hollow
Robertsonland, MD 64059",Henryfort,(041)073-2440x042,l*****r@moonshower.co.uk,http://jones-martinez.com/,50000,1994-05-10 01:17:09.314505600,18
55,Robert,"35942 Carrie Ferry Apt. 862
New Debra, KS 57541",Nathanielmouth,(424)612-7200x70263,j*****s@yahoo.com,http://garcia-taylor.biz/,30000,1993-04-18 12:39:21.974515200,34
56,Joseph,"612 Jared Forest Suite 551
Morenoberg, OK 19591",Whitefurt,504.925.7821x316,d*****i@kopczynski.co.uk,https://thomas.org/,50000,2002-10-24 14:37:34.393440000,26
57,Kristen,"945 Murray Lodge
Emilyshire, VA 50515",Blakeshire,001-278-848-0262x46063,j*****a@yahoo.com,http://www.hughes-moreno.com/,30000,1994-09-29 13:09:45.920678400,23
58,Julie,"879 Eric Port
New Jennifershire, ND 18930",Port Joanne,801-344-9307,c*****s@hotmail.com,http://camacho.net/,40000,1999-09-26 20:47:46.160563200,27
59,Nicholas,"0046 Harrison Prairie Suite 057
Port Dustin, LA 06536",Johnstonshire,379-434-7889x95299,t*****m@chisum.co.uk,http://dixon-green.com/,50000,1994-06-22 18:33:39.614169599,26
60,Mary,"6180 Brittany Vista Suite 671
Mooremouth, WA 25889",New Troyshire,+1-582-048-2039,m*****o@yahoo.com,https://www.roberson.com/,30000,1993-10-07 10:21:45.629049600,27
61,Eric,"2137 Villarreal Creek
Lake Dannytown, MT 28391",Waremouth,338.804.6966x229,m*****t@gmail.com,http://www.thompson.biz/,40000,1992-12-13 09:37:07.508294400,38
62,Danielle,"72416 Burgess Trace Suite 958
Brandibury, UT 85458",North Derrickton,(261)011-1556,j*****n@yahoo.com,https://thomas.com/,50000,2002-10-17 03:27:19.926691200,13
63,Brandon,"05012 Ortiz Skyway Suite 914
West James, TN 60516",Christopherside,(398)797-8409,s*****l@gmail.com,http://holmes.com/,40000,1993-06-06 13:33:05.116579200,31
64,Natasha,"353 Christopher Rapid
Davisburgh, OH 83339",New Stanleyview,001-285-272-5255x0791,l*****n@gmail.com,https://www.reyes.com/,40000,1993-12-11 05:32:15.455097600,21
65,Robert,"48432 Shelton Extensions
Hensleyborough, TX 01433",Erinport,001-495-553-0768,l*****o@yadao.co.uk,http://simmons-parker.com/,50000,1996-07-22 21:44:46.767753600,16
66,Jennifer,"95466 Mendoza Highway
Reedstad, ID 29920",South Sandraton,+1-393-514-4800x8884,m*****a@gmail.com,https://www.edwards.com/,50000,2006-09-29 04:14:12.820041600,12
67,Kevin,"Unit 2693 Box 9788
DPO AA 86009",Port Joseph,780-146-0525x46618,s*****y@hotmail.com,http://pugh.com/,30000,1992-08-08 10:07:33.969561600,33
68,Joseph,"297 Kevin Shore
Barnesport, NV 40007",Lake Karenhaven,384.262.4668,a*****h@gmail.com,https://smith-patterson.com/,30000,2007-06-01 00:36:42.697670400,21
69,Paul,"7053 Lucero Cliff Suite 255
Averyside, MI 46672",Sandersbury,0908858797,g*****e@yahoo.com,http://www.harris-donaldson.com/,40000,1992-02-05 02:16:45.241507200,34
70,Michael,"4349 Ware Burgs
Joshuahaven, RI 86398",Lauraport,926-392-0725,k*****l@bassil.co.uk,http://barrett.com/,40000,2008-09-13 00:18:30.359923200,13
71,Fernando,"82764 Nichols Shoals Suite 775
South Kaylaburgh, PA 64527",Lewisland,001-433-947-0906,w*****o@hotmail.com,http://carroll.info/,30000,1999-05-17 23:10:34.686163200,27
72,Tony,"555 Eric Forge Apt. 273
Lauratown, FL 13451",New Jose,001-510-802-9238x8324,s*****e@stifflemire.co.uk,http://smith-pearson.com/,40000,2008-10-18 05:11:46.491561600,5
73,John,"3563 Baker Plaza
Wilkersonhaven, CT 95061",West Vincentville,5367267667,y*****a@paletta.co.uk,https://mendoza.com/,40000,2001-11-09 00:01:58.131004800,11
74,Kenneth,"3360 Mary Key
Jillianland, LA 25309",South Victoriaport,+1-698-139-6815x07886,b*****m@yahoo.com,http://www.anderson-goodwin.info/,40000,2004-04-15 01:25:59.037657600,9
75,Jennifer,"90551 Nancy Glen
Port Alanberg, UT 89358",Wardburgh,198.893.6412,b*****s@yahoo.com,https://www.gardner.info/,40000,1990-05-19 07:20:39.282144000,37
76,Jamie,"0175 Berger Summit Suite 252
West Martinstad, ME 51168",Lake Kevin,463-389-9036,b*****n@yahoo.com,https://www.hicks.com/,40000,1995-11-27 04:30:14.565571200,23
77,Kimberly,"456 Ray Curve
New Krista, UT 02290",East Daniellebury,(068)493-1405x26591,e*****r@piehler.co.uk,http://www.watson-meza.com/,40000,1992-12-24 03:44:44.985667199,29
78,Nathan,"37798 Johnson Hill Suite 849
East Joel, MD 24175",South Patriciaburgh,001-355-817-1078,a*****k@yahoo.com,http://www.sullivan-shaw.net/,30000,1996-04-28 14:24:24.459580800,34
79,Brandon,"696 Fitzgerald Inlet Apt. 007
Pamelachester, MS 03735",Kingside,+1-929-714-4467,b*****m@kham.co.uk,http://hurley-ramirez.com/,30000,1991-11-14 10:11:35.348352000,30
80,Allison,"69313 Samuel Walks Apt. 335
Hernandezville, WI 43995",North Jessicachester,495.587.7331x0971,v*****a@mancilla.co.uk,https://dillon.com/,40000,1996-07-09 04:26:33.387532800,18
81,Jasmine,"02800 Matthew Forge
East David, FL 34789",East Megan,(151)014-5783x9868,m*****e@brace.co.uk,https://gilbert.biz/,50000,1998-09-14 14:31:49.836633600,31
82,Brenda,"77524 Daniels Falls Apt. 110
Drakeburgh, ID 90523",Melindafort,(843)123-3175,j*****e@gmail.com,https://fox-garcia.com/,40000,1990-09-13 15:52:42.959193600,23
83,James,"12337 Waters Islands Apt. 642
North Michael, OR 03236",Nixonburgh,(894)225-6802x593,l*****n@filion.co.uk,http://www.green.biz/,40000,2003-02-08 04:49:52.675708800,21
84,Jacqueline,"296 Valenzuela Garden
Moranbury, KY 70801",West Kimberlyberg,953.643.6368x4684,u*****l@hotmail.com,https://www.wilson.net/,30000,2001-11-25 14:09:55.391011200,13
85,Wendy,"992 Christine Track
Watkinsmouth, NH 44580",Troystad,3916225014,e*****n@gmail.com,https://www.duke-andrews.net/,40000,1995-11-17 22:27:17.637465600,29
86,Linda,"5923 Landry Street
Karenhaven, IN 20541",Floresburgh,(252)623-9110,m*****n@hotmail.com,http://cox.info/,40000,2000-06-14 20:24:24.073459200,27
87,Sarah,"82889 Stacy Terrace
Tracyshire, WV 06742",New Michael,(938)679-6615,j*****e@gmail.com,http://richmond.info/,30000,1992-06-17 07:54:17.706326400,34
88,Chad,"9669 Benjamin Mill Apt. 438
New Adamland, MA 73295",West Manuelton,(524)861-9702x1608,e*****e@drawe.co.uk,https://www.davis.biz/,30000,2002-01-07 20:45:44.340451200,23
89,Stephanie,"66971 Debra Ford
East Nicholasbury, MN 00663",West Michelle,649.047.8310x37490,l*****a@yahoo.com,http://mcintosh-carroll.com/,40000,2007-10-09 10:30:44.884108800,7
90,Dustin,"PSC 2293, Box 2580
APO AA 05045",Heidimouth,+1-628-948-2275x1659,m*****s@yahoo.com,http://cooper.info/,40000,1996-10-11 11:09:15.835017600,32
91,Jose,"PSC 9032, Box 9361
APO AA 21694",Kirbyshire,263.490.9234,c*****r@ungar.co.uk,http://reyes.biz/,40000,2002-12-14 02:24:20.391696000,12
92,Jennifer,"344 Ronald Crossing
New Davidshire, AK 85079",New Mitchellmouth,815-576-3538x32409,m*****s@gmail.com,http://buchanan-stevens.com/,50000,1993-05-21 21:57:51.787526400,24
93,Shaun,"1835 Jennifer Tunnel Apt. 802
West Pam, NV 95017",Derekborough,001-598-862-8256,m*****o@damato.co.uk,https://mack-cervantes.com/,30000,2004-06-03 11:40:38.204256000,13
94,Jeffrey,"8994 Thomas Cliffs
New Lisamouth, AL 44585",Johnsonburgh,390.150.3688,l*****n@gmail.com,http://wright.com/,30000,1995-10-17 09:37:19.062220800,24
95,Joy,"61456 Calvin Knolls
Amyview, TX 45565",Port Aliciahaven,+1-762-267-4891,b*****y@gmail.com,https://soto.com/,50000,1994-04-27 09:30:22.247193600,37
96,Joanne,"Unit 8759 Box 1230
DPO AE 77826",Lopezbury,(973)312-4640x4552,m*****n@riherd.co.uk,http://www.ruiz-rogers.com/,40000,2002-06-25 01:31:26.548780800,22
97,Erica,"6383 Nichole Shores Suite 185
New Andrew, TN 57318",East Timothy,143.720.5704x09282,m*****r@torner.co.uk,https://gonzalez.com/,40000,1990-01-25 21:44:15.283334400,40
98,Anthony,"6197 Smith Coves
Port Aaronburgh, ND 77810",Danielview,840.149.3702x1361,e*****e@gmail.com,https://silva.biz/,50000,2006-05-02 05:39:37.739116800,12
99,Angela,"1880 Rose Inlet Suite 941
South Daniellestad, VA 63734",Emilyton,474.786.7369x12550,l*****f@yahoo.com,http://www.baldwin-baker.com/,40000,1990-02-05 07:19:24.879043200,26
100,Paula,"7219 Mendoza Run
Cynthiaberg, ND 99522",Ashleyside,173-072-3165,l*****a@yahoo.com,https://malone.com/,40000,2003-06-23 03:03:46.180771200,24
101,Julie,"71424 Wendy Keys
East Ronald, ME 14578",West Deborah,688.625.8958x129,a*****n@meenan.co.uk,https://carpenter-williams.com/,50000,1995-04-26 16:16:40.985068799,26
102,Scott,"44139 Francis Orchard
Port Douglasburgh, ME 64317",Margaretshire,001-427-047-9232x899,g*****k@gmail.com,http://www.mclean.biz/,30000,2004-11-17 07:51:38.214259200,17
103,Diane,"64719 Hopkins View Apt. 576
Lake Elizabethborough, TX 43665",Andreamouth,667-951-1354,e*****a@fulda.co.uk,http://hodges-soto.biz/,40000,2008-09-01 17:59:17.718259200,8
104,Mary,"717 Nicole Expressway Apt. 473
West Meaganborough, VA 70506",Frederickburgh,+1-582-536-0454,l*****y@gmail.com,http://www.olson-carter.org/,40000,1995-02-16 09:22:16.310524800,26
105,Richard,"1572 Justin Roads
New Andrew, NH 05061",East Marychester,269.286.2773x91961,e*****e@hotmail.com,https://www.williams-carter.com/,50000,2001-12-12 09:43:53.926204800,16
106,Susan,"88686 Lane Plains Suite 636
Kevinville, MA 92084",Reidmouth,444.897.9874x8544,s*****a@yahoo.com,http://www.duncan-todd.com/,40000,2001-06-09 11:00:01.428940800,18
107,Joseph,"4632 Howard Causeway
Sabrinatown, NM 95359",Melissaberg,133-864-9973x47557,a*****o@gmail.com,http://jackson-duran.com/,50000,2001-12-13 20:56:17.408371200,27
108,Melissa,"932 Snyder Ford Suite 479
Courtneyberg, TX 28773",East Lisafurt,(770)244-5620x176,k*****n@gmail.com,http://robertson.com/,40000,1995-03-13 20:01:32.857420800,18
109,Erica,"76361 Townsend Cove
Greenfurt, MI 57860",North Cody,001-175-595-6848x66473,t*****r@yahoo.com,https://flores.com/,50000,2008-10-23 18:49:21.631555200,4
110,Ruben,"10078 Frazier Islands
Port Wayneview, WI 89954",Randallmouth,7192474270,s*****h@hotmail.com,http://www.hughes-adams.com/,30000,1998-10-13 16:45:08.597952000,30
111,Marie,"Unit 3017 Box 9088
DPO AA 84538",New Elizabeth,(674)568-9394,c*****t@nesset.co.uk,http://watkins.com/,30000,2006-05-13 20:40:56.156793600,11
112,Renee,"885 Laura Forges
Burchport, OK 19840",South Tamarashire,001-206-427-5343x5691,l*****r@gmail.com,http://hays-edwards.com/,40000,2003-04-03 09:29:38.584608000,14
113,Michael,"299 David Forge Apt. 289
Robinsonmouth, WV 73994",New Lauratown,001-914-287-3414,w*****e@hotmail.com,http://www.henderson.biz/,40000,1995-02-13 01:47:04.958707200,34
114,Michelle,"209 Savannah Lakes Suite 717
Lake Gregorytown, WI 81316",East Jesus,001-691-154-6304x960,w*****y@gmail.com,https://williams-schaefer.com/,30000,2005-12-14 14:33:53.632454400,24
115,Eric,"768 Zimmerman Mews
East Kenneth, IL 36983",Christianton,189-009-8239x126,d*****r@hotmail.com,https://www.pace.com/,30000,1997-08-08 20:54:09.443059200,23
116,Caitlin,"2977 Reyes Inlet
Lake Alex, IL 94402",East Sheila,691-483-5527x29963,e*****r@hotmail.com,http://wilkerson-yoder.com/,40000,2007-01-17 08:09:32.379321600,19
117,Christopher,"31862 Regina Islands
Kellyport, VT 91737",West Kylestad,001-616-636-5855x206,f*****o@gmail.com,https://www.greene.com/,30000,2002-03-10 18:42:38.086099200,17
118,Kristina,"19733 Brown Fort Apt. 009
Jordanshire, KS 50587",Denisemouth,001-673-744-3104,p*****e@gmail.com,https://www.meyers.net/,40000,2007-08-18 23:00:19.040716800,21
119,Lauren,"723 Robin Way
Powersport, AL 25823",South Douglasburgh,283.517.7002x468,r*****o@hotmail.com,https://www.holmes.com/,40000,2004-03-10 15:15:32.870131200,10
120,Steven,"262 Leslie Hills Suite 986
New Paul, TX 41528",North Allisonside,(297)306-3388x71477,l*****r@gmail.com,http://www.rivers-alvarez.info/,40000,2004-11-30 16:59:11.186476800,17
121,Jeffrey,"60640 Robert Drive Suite 157
Lake Kelseyfort, AZ 10437",Josemouth,021-715-0205,c*****o@hotmail.com,https://www.marsh.com/,40000,1999-06-18 16:13:20.728358400,19
122,Tammy,"830 Mary Spring Suite 200
Sarahfurt, OK 12128",South Jaime,+1-866-528-8310x7290,r*****s@bontemps.co.uk,https://johnson-guzman.com/,40000,2008-12-18 03:31:43.848883199,8
123,Marcus,"2750 Mary Terrace
Stacyport, AR 47100",West Corey,001-367-823-4886x843,s*****n@schurman.co.uk,https://lee.org/,50000,2003-07-15 23:49:02.977420800,15
124,Leslie,"500 Kelly Summit
North John, TN 52903",West Kathryn,+1-781-829-1472,c*****e@pince.co.uk,https://www.fleming.com/,40000,1998-08-22 16:26:22.683782400,17
125,Ian,"72924 Medina Brook
West Shelly, IN 89683",East Johnport,204.706.4971x316,m*****s@yahoo.com,http://www.alexander.org/,30000,2001-12-23 07:24:42.257001600,16
126,Ian,"1199 Pearson Haven
South Zacharyshire, VT 07859",Courtneytown,066.898.4150x5647,b*****e@barbone.co.uk,http://whitney.info/,50000,1991-02-19 05:24:43.791667200,35
127,Morgan,"848 Webster Cliff
North Joshuastad, SD 29288",Port Kennethfort,1256771181,w*****l@hotmail.com,https://wilson.com/,40000,1995-03-16 07:20:04.757913600,25
128,Peter,"3824 George Village
South Gina, AZ 61214",Sandovalchester,669-535-1908x51170,m*****r@gmail.com,https://www.phelps.com/,40000,2003-04-15 05:28:07.529260800,24
129,Angela,"425 Tina Shoals
Angelaburgh, NM 05818",Lake Victoria,388.450.5984,l*****y@akey.co.uk,https://ramsey.info/,30000,1996-06-14 07:22:04.651392000,29
130,Alice,"0706 Hensley Light
Jonesbury, KY 25615",Hartburgh,001-799-340-1834,i*****d@semrad.co.uk,http://johnson.com/,50000,2002-05-17 05:17:50.576582400,19
131,Kenneth,"81039 Erica Throughway
Michellestad, RI 20749",Port Carolyn,(376)332-6907x8567,k*****l@yahoo.com,http://www.blackwell.com/,50000,1998-07-02 14:01:08.755104000,32
132,Daniel,"88699 Ellis Ridges Apt. 740
West Cody, LA 23776",New John,(167)744-9807x428,o*****e@gmail.com,http://www.esparza-johnston.info/,40000,1992-05-20 18:33:51.541257600,22
133,Jared,"953 Thompson Drive Suite 624
New Richard, MD 32921",East Michael,001-865-377-5791,h*****t@gmail.com,https://kim-morgan.com/,50000,1996-05-21 06:00:58.184784000,32
134,Roger,"666 Robert Valley Suite 445
New Patrickshire, NM 49030",West Tanyaville,556.351.6840x036,i*****s@mchughes.co.uk,http://www.wilson.com/,40000,2001-05-25 03:55:38.287171200,12
135,Seth,"3499 Thomas Village
Stephenview, MA 48943",Port Sonya,939.015.6636x4142,e*****c@yahoo.com,http://lawson.biz/,30000,2001-02-01 21:59:36.413865600,22
136,Rebecca,"591 Shaffer Manors
North Travis, UT 88784",Lake Jeffreyfort,274.472.1658x7434,d*****e@gmail.com,http://www.mitchell-williams.com/,30000,2001-05-01 00:29:11.163408000,16
137,Lucas,"68794 Sarah Walks
Port Tanya, VT 98547",Garyberg,(669)866-2471x2102,r*****s@stamps.co.uk,https://brown.net/,40000,2002-09-29 06:50:40.405286400,14
138,Maria,"871 Williams Circles
Port Kennethmouth, IL 14380",Melissaport,124.143.4502x222,v*****l@hotmail.com,https://www.thompson-watts.com/,40000,2003-10-12 06:23:44.790604800,9
139,Gabriella,"99522 Brandon Ford Apt. 153
Jamesmouth, NE 01333",Jamesport,214.783.9731,m*****n@yahoo.com,https://johnson.com/,40000,1998-03-22 22:38:02.913878400,26
140,Allen,"058 Whitney Drives Apt. 095
Ryanchester, AZ 42020",Jonesshire,552-994-7699x017,n*****e@gmail.com,http://woods-williams.info/,40000,2007-04-09 04:03:58.690483200,18
141,Sarah,"75323 Jason Throughway Apt. 381
Port Michaelberg, NJ 64543",North Amberbury,6227974631,a*****u@hotmail.com,https://lindsey.net/,30000,1997-11-08 09:46:06.750047999,16
142,Dawn,"460 Seth Junctions Apt. 367
Lake Michael, MT 39590",Combsside,401-233-4244x437,j*****e@gmail.com,https://allen-horton.com/,40000,1999-01-16 10:17:58.040822400,23
143,Kenneth,"649 Mendoza Mission
North Carlos, MT 29138",Sherimouth,001-100-098-7697x9277,f*****i@shuhi.co.uk,https://kim.net/,50000,2007-09-01 09:24:31.542681600,8
144,Michael,"879 Bryant Way
Danielport, FL 93972",Jamesside,3138521556,m*****n@gmail.com,https://jenkins.com/,40000,2006-07-16 01:16:43.735094400,24
145,Justin,"28779 Lisa Trace
New Ethanborough, DE 47300",Debbiemouth,522-621-3799,t*****a@maraia.co.uk,https://www.martin.com/,40000,2004-04-01 14:38:23.252294400,16
146,Dennis,"449 Gabriel Street
East Charles, VA 17699",East John,+1-918-128-5462x19890,l*****e@crete.co.uk,https://leach-nelson.com/,30000,1991-04-08 06:10:59.984025600,32
147,Jennifer,"97505 Victor Center
Brandonfort, WY 76477",Leslieland,0549573314,h*****s@gmail.com,http://love.biz/,50000,2007-07-25 17:45:33.928041600,8
148,Cynthia,"9545 Suzanne Center
New Victoria, OR 50410",South Jillstad,001-076-425-8115,j*****l@hotmail.com,https://cooper.com/,40000,2004-06-17 05:55:35.141318400,23
149,Monica,"71002 Anne Points
Allenside, MO 97346",Ronaldside,001-107-684-7233x031,a*****a@gmail.com,http://www.sims.biz/,40000,2010-08-25 13:49:46.270704000,4
150,Christopher,"365 Joseph Hill Apt. 842
Lewisfurt, ID 28591",Whitestad,443.574.2134x072,t*****a@hotmail.com,http://sanchez.com/,50000,1993-07-22 20:51:48.714998400,25
151,Kenneth,"18515 Robert Bridge
South Fernandomouth, IA 38471",Jeffreyfurt,506.129.0771x0340,r*****a@vanhooser.co.uk,https://www.baird.info/,50000,2008-01-04 12:41:43.451404800,14
152,Steven,"1731 Michael Trail Suite 441
Charlestown, TN 18696",Lake David,001-013-996-3046x039,s*****r@gmail.com,http://www.rodriguez.org/,40000,1993-04-30 04:09:40.096454400,23
153,Kristopher,"6738 Ramirez Crossroad
Garybury, ND 11125",South Matthewbury,830.347.8775,c*****h@yurich.co.uk,https://sullivan-chambers.net/,30000,2001-10-30 06:40:34.463251200,20
154,Matthew,"307 Rivera Pass Apt. 109
Brookston, DE 98266",Jacobsonshire,+1-288-560-1343,c*****a@yahoo.com,https://www.lindsey.net/,30000,1992-03-28 15:05:27.861907200,20
155,Sherry,"674 Burgess Lane
Mckaystad, IA 91091",Lake Brian,+1-433-172-4705x72251,l*****h@gmail.com,http://www.marshall.org/,50000,2006-02-17 13:09:17.864179200,19
156,Dylan,"13380 Wang Passage Apt. 793
Galvanmouth, NV 61697",Zacharyside,612.271.1724,g*****f@wendorf.co.uk,https://www.torres.info/,40000,2006-07-26 06:32:07.795248000,19
157,Tamara,"PSC 0497, Box 7954
APO AA 04644",Derrickside,+1-489-013-7891x59419,g*****a@gmail.com,http://duncan-conley.com/,40000,2000-11-18 20:23:59.681875200,22
158,Maria,"7895 Brown Union
South Kathy, WA 66984",West Joshua,(185)776-7372x4989,w*****n@hotmail.com,https://wright.com/,40000,1998-05-19 21:08:53.047651200,25
159,Samantha,"0162 Andrea Corners Apt. 157
Scottland, AZ 85667",Scottside,435.299.0549x41566,s*****s@abrahams.co.uk,http://roberts.com/,30000,1991-01-22 08:01:03.543887999,31
160,Jennifer,"2274 Natasha Lake
Fernandezville, CA 18255",Williamsburgh,808.490.0452,m*****m@gmail.com,http://www.leonard.com/,40000,2003-12-18 09:57:02.873721600,14
161,Michael,"9941 Alexandria Ridges Suite 179
North Ryantown, MI 78259",Arellanofurt,243-629-8474x9863,p*****i@hotmail.com,http://goodman.net/,40000,1999-04-27 13:59:17.345414400,25
162,Molly,"USNS Scott
FPO AP 89953",New Stephanie,894.233.9382,g*****n@gmail.com,http://reed.com/,40000,2003-08-11 08:07:01.320672000,15
163,David,"5795 Charles Centers
Hamptonborough, NJ 59192",Hernandezbury,+1-435-853-1156x407,t*****h@puskarich.co.uk,http://reyes-dean.biz/,50000,2007-08-26 18:56:33.207504000,7
164,Kristy,"74517 Abbott Summit Suite 802
East Max, DE 64117",Solisfort,(822)577-5384x55634,b*****n@yahoo.com,https://www.aguilar-higgins.com/,50000,2010-03-31 03:50:33.983606400,8
165,Heather,"8580 Taylor Parkway
Port Patriciafurt, OK 17762",Herreraborough,(548)070-8928x3345,m*****l@hotmail.com,https://norton-ramirez.com/,50000,2006-05-22 11:58:52.566528000,9
166,Autumn,"Unit 7220 Box 6822
DPO AE 30578",New Allison,+1-260-610-8156x2771,c*****n@yahoo.com,http://howard-wilson.com/,50000,1990-11-26 13:59:39.758438400,40
167,Pamela,"11281 Morgan Pine
West Lisa, UT 79559",South Williamton,009.903.4377,e*****n@yahoo.com,http://www.kim-murphy.biz/,30000,1996-10-11 23:59:37.456425600,17
168,Andrew,"59099 Castro Canyon Apt. 278
South Jennifer, MS 92243",North Kimberlyborough,001-427-929-4963x35064,m*****k@szpak.co.uk,https://wagner.com/,30000,2004-10-02 07:27:54.639648000,26
169,Kevin,"0217 Guerrero Creek
West Peterburgh, VA 99040",New Tammytown,+1-587-463-2926x449,a*****e@jessie.co.uk,https://warner.org/,50000,1993-08-10 22:14:02.867020800,30
170,Anthony,"97153 Tyler Roads Apt. 241
Sarahchester, GA 12264",Horneborough,508-925-1432x9663,l*****d@gmail.com,https://hill.com/,30000,1999-08-12 16:38:33.641692800,15
171,Karen,"3011 Obrien Crescent Apt. 817
Port Christina, IA 11193",Stokesfort,382-834-0924x393,b*****t@gmail.com,https://contreras.com/,40000,1990-04-04 23:50:24.818524800,32
172,Maria,"66016 Michael Turnpike Suite 997
Gutierrezborough, NY 04141",Richardsberg,001-796-621-8425,d*****i@paluszynski.co.uk,http://www.walls.org/,30000,1994-01-27 04:11:26.381155200,24
173,Kirk,"23943 Laura Locks
North Dylan, WA 95832",Amandafort,+1-224-384-5051x584,f*****r@yahoo.com,https://www.harris-anderson.com/,30000,1990-06-16 07:41:07.900425600,29
174,Donald,"4906 Thompson Skyway
Lake Erik, NH 41589",North Sherryton,084.149.2947x5759,v*****i@yahoo.com,http://lewis-young.org/,30000,2006-05-16 18:07:48.350985600,17
175,Charles,"6264 Sharon Parks Apt. 507
Oliviachester, IN 33201",Richardmouth,4148053221,h*****p@yahoo.com,http://www.richard-roth.org/,30000,1993-09-30 23:51:01.811721600,28
176,Cindy,"8118 Huang Islands Apt. 979
Villarrealville, PA 22231",New Dwayne,+1-432-771-0516x2190,j*****e@reinecke.co.uk,http://bishop-williams.info/,30000,1997-01-28 03:20:42.360460800,25
177,Joseph,"6481 Joseph Springs Apt. 356
North Benjamin, OK 51485",East Kevin,(920)702-5717x355,t*****r@schlichter.co.uk,https://www.ayers-walker.com/,50000,2007-12-23 13:29:10.757184000,13
178,William,"6013 Amanda Path
South Collinfurt, LA 87929",North Juanstad,977.538.3256,d*****d@swaisgood.co.uk,https://www.floyd-brown.com/,40000,2004-05-31 10:50:20.007139200,22
179,Tyler,"10059 Jacobs Valleys
Port Benjaminport, CO 37758",North Deborah,001-456-187-7371x948,m*****x@babineaux.co.uk,http://www.hunt-wood.com/,30000,1990-08-22 14:45:54.935078400,23
180,Ricky,"Unit 8266 Box 5068
DPO AE 33607",Stevenhaven,001-485-944-4763x8987,g*****e@bleile.co.uk,https://www.thornton.com/,30000,1992-06-21 06:07:55.837113600,19
181,Stephanie,"56292 Paul Turnpike
Jefferyborough, IL 53653",Lewiston,(560)186-5885x2185,k*****a@gmail.com,https://www.bishop.com/,40000,2002-04-12 12:30:31.797244800,10
182,Brent,"84129 Heather Pass
South Michaelchester, SD 86795",West Melissa,174.353.3550x35601,a*****a@gmail.com,https://palmer-gutierrez.com/,30000,2001-11-11 05:34:10.704748800,26
183,Jason,"631 Torres Centers Suite 059
New Amandaport, IA 30262",East Jeremy,+1-059-682-7501x02178,l*****z@yahoo.com,https://walker-garcia.com/,30000,1994-08-02 01:04:43.935916800,28
184,Charles,"67785 Philip Common
East Alexandria, NC 57278",West Pamelaland,(230)223-9652,j*****n@polintan.co.uk,https://carter.info/,40000,2009-03-08 08:49:09.307689600,13
185,Aaron,"6913 Samantha Street Apt. 794
South Beckyside, OK 74255",Port Jennifer,203-800-4577x173,t*****w@hotmail.com,https://www.ross.com/,40000,2002-09-10 15:14:47.698396800,23
186,Johnny,"091 Patel Trace Apt. 570
West Christopher, LA 23298",East Mike,1729590782,u*****a@hotmail.com,https://www.garcia-lane.com/,40000,2001-01-13 07:59:53.568960000,23
187,Sean,"27000 Rachel Extension
Michelleville, OK 54279",East Jaredmouth,5526609455,r*****l@yahoo.com,https://www.ortiz.com/,50000,2001-08-18 21:10:29.618054400,21
188,James,"2567 Tyler Rest
Port Loribury, MA 65466",Alisonberg,355.588.9824x776,t*****r@hotmail.com,https://white.net/,40000,2004-01-14 06:31:01.716959999,26
189,Gary,"02484 Higgins Vista Apt. 730
South Jason, MD 14331",South Vincentfurt,+1-082-567-0316,z*****z@yahoo.com,http://www.wood-smith.com/,40000,1996-12-25 01:40:59.834553600,27
190,Zachary,"93858 Fisher Lights
Glennview, KS 19712",West Caitlin,001-604-495-9461x83973,a*****m@gmail.com,http://bowman.net/,30000,1997-10-23 09:40:26.159606400,22
191,Crystal,"7900 Anna Village
Lake Austin, CT 64461",East Hectorside,780-088-2694x12811,n*****o@yahoo.com,https://www.perry.com/,30000,1994-05-09 02:50:32.353036800,31
192,Maria,"7335 Ross Manor Apt. 883
Gillberg, MT 31314",New Meganshire,+1-233-304-3427x575,a*****a@hotmail.com,https://payne-hatfield.com/,30000,1994-02-23 07:49:35.123116800,27
193,Shannon,"06535 Carrie Island Suite 246
Beckystad, TN 49424",Millerbury,+1-151-216-4314x147,m*****a@yahoo.com,https://griffin-weaver.org/,30000,2008-04-20 14:01:56.457667200,16
194,Steven,"24834 Sandra Fields Suite 843
Larrystad, NM 21463",Frazierport,346-069-2098x1832,o*****l@zuehl.co.uk,http://pacheco.net/,30000,2004-12-13 03:47:40.585632000,20
195,Edward,"72361 Wood Rue Suite 181
North Joshua, OK 23182",North Jay,001-380-899-4419,g*****e@geschke.co.uk,https://david.com/,40000,1999-03-02 07:00:33.617664000,31
196,Sarah,"Unit 6413 Box 1994
DPO AA 65937",East Timothychester,244.855.2791x1891,k*****a@yahoo.com,http://webb.org/,50000,1994-06-24 11:47:25.898467200,34
197,Stacey,"46760 Campbell Canyon Apt. 600
East Tinaside, KY 70557",Parkerview,(291)945-9417,k*****y@lin.co.uk,https://www.smith.net/,30000,1994-04-03 07:52:58.582329600,24
198,Nicholas,"5487 Hays Run
Lake Edward, NC 39375",New Travisshire,001-202-700-4165x254,v*****i@gmail.com,http://www.freeman-jordan.info/,30000,1991-08-31 23:03:54.316166400,39
199,Sierra,"744 Lawrence Creek
West Carlosport, IL 65396",North Stephanie,874.686.4154,j*****r@gmail.com,http://www.sanchez-williams.com/,40000,1998-04-10 20:20:55.650739200,14
200,Ryan,"56321 Marcus Valleys Suite 583
West Danielhaven, MS 70361",Arnoldbury,888-759-6842,c*****t@degenhardt.co.uk,http://daniels.biz/,40000,1996-12-26 23:32:13.676553600,23
201,John,"90714 Leslie Run
East Joshuaberg, NE 22288",South Luisshire,154-332-9794x10864,a*****r@yahoo.com,http://www.olson.com/,40000,2003-12-31 11:39:09.730310400,17
202,Amanda,"60057 Hudson Islands Suite 591
Perezville, OH 05386",East Richardville,776.595.3222x1148,s*****s@yahoo.com,https://www.santos-ruiz.com/,30000,1998-03-18 20:31:06.632054400,25
203,Sean,"342 Stanley Meadow
Thorntonmouth, TX 69115",Annahaven,+1-548-606-2577x062,c*****r@hotmail.com,http://pennington.com/,40000,1992-10-09 04:25:38.056886400,34
204,Kevin,"672 Gregory Dam Apt. 816
Cindyside, FL 51458",Port Kelly,952-652-9106x1477,k*****e@choinski.co.uk,http://brown.com/,40000,1990-07-25 07:16:01.023772800,27
205,Daniel,"Unit 4943 Box 3289
DPO AE 42843",Williambury,(941)501-3765,d*****u@brau.co.uk,https://www.lewis.com/,30000,1991-01-02 07:49:09.765408000,26
206,James,"46534 Taylor Isle Suite 670
Thompsonhaven, GA 06943",Vegamouth,001-118-389-1081x9489,a*****n@yahoo.com,https://brown-powers.org/,40000,2004-05-03 15:26:47.314838400,16
207,Sarah,"Unit 4031 Box 0073
DPO AP 66873",Nealbury,5392528231,m*****y@gmail.com,http://robinson.com/,30000,1998-12-30 17:01:10.242566400,21
208,Donna,"111 Cynthia Station
Copelandchester, WV 77774",Mitchellland,+1-313-002-1519x516,s*****s@gmail.com,http://olson.com/,50000,2000-11-28 05:56:42.693504000,25
209,Kathy,"710 Joy Radial
Millerbury, VT 73476",Wyattmouth,244.091.9688,a*****e@yahoo.com,http://www.james-odonnell.org/,50000,2007-06-13 01:55:52.344739199,19
210,Maria,"0181 Diaz Court
Perezport, OK 55640",East Cynthia,695-409-4173x7321,p*****o@hotmail.com,http://www.harrison-brown.net/,50000,2009-03-25 09:59:32.612352000,14
211,Timothy,"6547 Lewis Corner
Davidville, AL 75963",North Sarah,001-713-177-0445x2772,c*****e@yahoo.com,https://duffy-cruz.org/,30000,1995-01-24 15:35:05.396496000,25
212,Robert,"771 Stephanie Lakes Apt. 802
North Kyle, IA 57748",Zacharyfort,001-805-328-1125,m*****d@gmail.com,https://wolfe.net/,50000,2002-11-09 10:47:03.999753600,14
213,Matthew,"753 Brandi Prairie
Bethville, PA 85350",West Robert,794-001-2333,e*****e@hotmail.com,http://smith-cooke.com/,30000,1995-08-06 19:59:55.775788800,22
214,Joseph,"6511 Roy Drives Apt. 739
Keithport, IL 88631",Beltranside,115.714.3538x550,l*****a@yahoo.com,http://www.harris.com/,50000,1990-08-01 21:01:43.861180800,37
215,Melody,"04715 Moss Roads Suite 892
South Davidberg, PA 47303",Anthonyborough,775.693.5123,w*****r@yahoo.com,http://www.wagner-graves.com/,40000,2005-03-28 17:08:48.041692799,15
216,Shane,"942 George Mount Suite 948
Lake Charlotteborough, TX 78261",North John,001-470-520-4259x585,n*****s@gmail.com,http://www.rodriguez.com/,40000,1995-09-28 01:05:14.257737600,16
217,Jason,"383 Caitlyn Overpass
Andrewbury, AZ 28310",Vegachester,5979912601,k*****e@gmail.com,https://www.ross.net/,30000,1998-03-04 14:05:35.014848000,19
218,Stephanie,"576 James Fork
West Kimberlytown, CT 92080",South Jared,9669488658,l*****e@yahoo.com,http://www.wilcox.com/,40000,2002-02-02 05:52:33.452227200,15
219,Kayla,"2823 Veronica Bypass
Stephanieton, IN 93114",Rebeccafort,592.243.1787x312,j*****n@yahoo.com,http://www.buckley-moore.com/,40000,2006-01-14 15:21:37.205798400,12
220,Chad,"Unit 3616 Box 9922
DPO AE 09713",East Hannahmouth,395-719-3525x255,c*****n@gmail.com,http://www.pacheco.net/,50000,2002-04-04 08:11:32.577532800,18
221,Brittany,"00012 Dixon Flats Suite 465
East Timothy, IN 44178",Gravesburgh,001-058-299-2475x38293,d*****e@yahoo.com,https://walker.com/,30000,2007-08-15 14:03:23.503593600,12
222,Larry,"USNV Delgado
FPO AP 84317",Tylerton,3831967443,f*****s@hotmail.com,http://www.armstrong.net/,40000,1995-10-23 11:57:16.389763200,33
223,Robin,"11314 James Flats
Justinchester, RI 31376",Lake Nathanielburgh,722.656.9278,c*****g@gmail.com,https://www.mercer.org/,50000,2005-05-26 12:43:26.564016000,10
224,Ivan,"Unit 5056 Box 8812
DPO AA 57927",Josephstad,+1-672-904-4942x0578,m*****a@yahoo.com,http://www.pruitt-frank.biz/,40000,1993-05-22 06:08:56.466153600,30
225,Timothy,"392 Jamie Route Suite 752
North David, LA 69489",Mariaberg,772-762-9137x54315,h*****n@gmail.com,http://mendez.org/,40000,2009-07-19 02:18:01.080316800,12
226,Carolyn,"35374 Marks Creek
Tinafurt, PA 07628",North Joshuabury,(304)817-0423x5911,n*****a@hotmail.com,http://sanchez.com/,40000,2003-09-03 18:56:39.605769599,14
227,Austin,"052 Mary Harbor
Welchstad, ID 78817",Lake Charlesshire,308.358.8497x188,e*****h@gmail.com,https://www.stewart.net/,30000,1993-12-27 11:58:41.288908800,28
228,Amanda,"PSC 7918, Box 8720
APO AA 75012",Jasonhaven,946-889-0894,d*****h@hotmail.com,https://delgado-martin.com/,40000,2008-04-21 11:44:55.747276800,9
229,Bradley,"14736 Heather Trail
Port Nicholasville, WV 00581",North Joshua,001-420-796-7127x9482,a*****h@gmail.com,https://www.marsh.org/,50000,2005-04-07 15:10:50.096323200,11
230,Kayla,"179 Williamson Inlet
New Kurtbury, WI 35820",Ballberg,797-348-6018,f*****y@hotmail.com,http://www.schmidt-mason.net/,40000,1994-05-31 07:08:36.165033600,25
231,Bryan,"89086 Roger Ramp
Kaiserborough, CO 14756",Lake Josephfurt,(022)092-1153x912,b*****m@gmail.com,https://davis-ibarra.com/,30000,1995-01-05 10:58:31.294300800,32
232,Christopher,"2791 Crystal Throughway Apt. 474
South Drew, GA 13102",Thomasport,735-434-7481x55624,r*****h@yahoo.com,http://www.nguyen-mercer.com/,40000,1999-11-14 23:23:09.540412800,30
233,Katrina,"535 Yates Ramp Suite 175
New Justin, MI 78560",Port Kathleenburgh,305-177-5445x073,e*****o@hotmail.com,https://haynes-deleon.org/,50000,1990-11-07 11:48:13.084358400,40
234,Elizabeth,"7956 Robert Springs
Cynthiachester, AK 09630",Rileymouth,001-738-423-2484x57230,m*****y@gmail.com,https://www.ortiz-phillips.com/,40000,1993-11-24 18:37:58.469347200,29
235,Roger,"355 Stephanie Hollow Apt. 840
New Debrafort, MS 57647",Cartertown,436.854.5282x3428,e*****a@gmail.com,http://wilkinson-brown.com/,40000,1998-06-27 18:02:55.797993600,26
236,Bryan,"96784 Yolanda Junctions Apt. 500
East Nicolebury, NV 10490",Lisatown,806.490.2012,t*****i@gmail.com,https://nguyen.info/,40000,1996-09-25 16:27:39.714220800,25
237,Trevor,"19284 William Cape
Jamestown, RI 24864",West Stevenview,325.025.4934,r*****o@yahoo.com,https://sanders.info/,50000,1999-11-07 21:10:09.155337600,23
238,Jessica,"0470 Robert Loop Apt. 093
Lauraview, FL 71442",Fullertown,(039)294-3039x502,c*****z@hotmail.com,https://www.bell.org/,30000,1995-04-23 08:31:40.355529600,26
239,Shane,"PSC 7259, Box 6101
APO AP 41802",Annmouth,275.305.1104x999,a*****r@yahoo.com,https://www.brewer-garcia.com/,40000,2001-11-22 01:06:52.003267200,11
240,Tyler,"83259 Riley Walks
Tracyport, WV 80761",South Shaun,001-190-192-5406x767,e*****n@gmail.com,http://www.wilson.info/,50000,2007-10-12 07:53:50.514000000,15
241,Amanda,"58000 Murphy Way
New Jordan, VA 74172",Jenkinsborough,589-235-5289x674,c*****r@gmail.com,http://www.key-anderson.com/,30000,1991-09-08 16:30:20.706537600,33
242,Cynthia,"09544 Lee Landing Apt. 663
Jaredshire, MI 95311",Bradleyfurt,058-706-9080x329,m*****o@colamarino.co.uk,https://martin.info/,50000,2000-03-03 23:19:19.793395200,12
243,Steven,"8543 Neal Via Apt. 176
Goodwinshire, TX 89439",Peterburgh,+1-973-675-1235x4124,m*****y@yahoo.com,http://daniels.org/,50000,1992-06-26 21:21:00.140371200,20
244,Robert,"9423 Sandra Mill Apt. 165
North Kimfurt, ID 16126",Robertview,648.334.0395x40467,g*****o@yahoo.com,https://www.ruiz-anderson.com/,40000,2004-02-07 09:02:38.180515200,19
245,Carlos,"8771 Wiggins Courts Suite 794
Smithville, WA 78000",Port Robinton,049.483.2730x3231,t*****o@renno.co.uk,http://www.miller-vaughn.com/,40000,1997-07-01 14:41:33.104544000,22
246,Amy,"9958 Murray Run Apt. 791
New Ryan, ME 32407",North Austin,320.236.0475x5476,m*****n@wassmann.co.uk,https://www.lane.com/,30000,2001-01-27 23:14:04.223443200,17
247,Taylor,"817 Tonya Rapid
South Michael, AL 80736",West Angela,448.603.1663x618,d*****r@hotmail.com,https://patel.com/,40000,1994-05-28 01:01:10.564032000,27
248,Larry,"79615 Gerald Court
Weaverland, WI 06852",Port Roger,434-160-4667x875,t*****k@gmail.com,http://www.johnson.com/,40000,1993-05-23 06:11:07.851523200,20
249,Matthew,"7445 Jeanette Pike Suite 925
Port Kiara, DC 35187",Elizabethmouth,+1-496-157-9196x93187,k*****e@yahoo.com,http://www.thomas.com/,50000,2000-01-05 17:44:25.706774400,15
250,Sierra,"6114 Monica Common
Christinatown, AR 81022",Mckenziechester,+1-935-986-0168x84642,i*****o@varnado.co.uk,https://stewart.com/,50000,1997-07-13 02:33:35.660044800,16
251,Joseph,"939 Williams Orchard Apt. 723
Gilbertstad, MT 47095",Jenniferburgh,439-537-5525x1484,t*****a@driesenga.co.uk,http://www.nelson.net/,40000,2009-05-23 19:05:56.430268800,22
252,Chris,"409 Shawn Viaduct Apt. 898
New Amandashire, MS 15262",Toddville,856-186-1924,s*****a@hotmail.com,http://maynard.com/,50000,2004-10-21 11:11:28.692729600,20
253,Spencer,"716 Diana Ridges
Tuckerborough, HI 57244",Port Rayborough,(453)277-6204x308,g*****s@gmail.com,http://mcfarland.com/,50000,2004-02-21 17:40:25.532659200,18
254,Maria,"73524 Adams Island Suite 563
Kevinmouth, MI 67931",North April,(035)422-6555x119,r*****e@faehnle.co.uk,https://www.long-salas.com/,40000,2007-09-29 13:50:02.565657600,13
255,David,"5765 Bonnie Tunnel Suite 769
Courtneyfort, MT 26170",East Walter,921.770.6198,a*****m@hotmail.com,https://www.franklin-pope.com/,40000,1991-06-03 11:37:24.672489600,39
256,Elizabeth,"585 Ward Mews Apt. 549
East Jack, CA 37876",East Carlabury,(962)679-5052x0140,q*****r@gmail.com,https://duncan.com/,40000,2001-09-10 07:38:11.205859200,20
257,Suzanne,"6123 William Crossing Suite 480
Danielshaven, MT 59444",Williambury,(628)467-5416,r*****t@yahoo.com,https://www.aguilar.biz/,50000,2001-01-16 04:22:18.605942399,26
258,Ricky,"5432 Lee Summit
Stephensonberg, WY 60430",Larsontown,001-158-4106x49747,a*****p@goldrup.co.uk,https://www.garcia.com/,50000,2008-07-28 21:46:20.495942400,19
259,Heather,"6957 Mckenzie Squares Apt. 051
New Mary, IN 23940",Williamsfurt,+1-470-322-8116x71161,d*****o@miyashiro.co.uk,http://pruitt-martinez.net/,50000,1995-01-12 10:18:57.376454400,23
260,Peter,"549 Charles Roads
South Matthewview, ME 78471",Herreraburgh,(163)026-9863x359,v*****s@yahoo.com,http://thomas.com/,40000,1995-07-21 11:52:53.707756800,26
261,Kelly,"85353 Johnson Square
Terryfurt, WV 45961",Greenburgh,095.457.3833,h*****c@hotmail.com,https://www.baker.com/,30000,1991-07-05 17:56:27.645388800,32
262,Elizabeth,"58376 Pam Landing Suite 317
Lake Steven, IN 84358",Juliaside,+1-297-348-2356x55912,e*****z@guitierrez.co.uk,http://harvey.net/,40000,1990-01-03 00:50:13.095888000,36
263,David,"607 Shawn Mountains
East Tomfort, MS 96151",Lake Christopherhaven,943-063-7430,l*****s@yahoo.com,http://conrad.com/,30000,2008-11-04 03:23:18.685017600,8
264,Justin,"8527 Munoz Fort
Port James, MO 13727",Port Janeshire,6082779553,l*****i@yahoo.com,http://roman-hughes.com/,30000,2002-12-28 09:50:49.003555200,15
265,Daniel,"375 Sarah Prairie Suite 279
Maryton, NY 56278",Charlesbury,(233)475-2109x95420,m*****e@hotmail.com,https://www.church.net/,40000,2006-03-10 07:51:07.940822400,23
266,Michael,"66107 Luis Wall
East Cody, CO 81726",Hensonborough,511-588-0770x71283,e*****z@gmail.com,http://www.jones.com/,30000,1995-06-18 07:41:01.187923200,24
267,Brian,"29962 Richard Hills Apt. 688
Pachecoberg, NV 24909",South Dylanmouth,850-784-9596x6745,l*****r@gmail.com,https://www.white.net/,40000,2001-09-22 07:30:15.047164800,18
268,Marcia,"684 Stephanie Port Suite 225
Krystalland, NE 78267",Lauramouth,4823455550,l*****o@respicio.co.uk,http://www.diaz.com/,40000,1990-10-17 06:10:19.857791999,26
269,Billy,"4045 Victoria Court
Briannachester, OH 85415",Lake Isaiah,134-224-7619,s*****o@hotmail.com,https://www.martinez.com/,40000,2000-01-15 23:53:06.653587200,24
270,Jacob,"PSC 1245, Box 6606
APO AE 17418",Savannahstad,881-214-2279,c*****e@isita.co.uk,https://www.barnett-smith.com/,50000,2009-10-22 13:54:28.020067200,3
271,Miranda,"3799 Mindy Mews Suite 378
Greenchester, UT 32346",Port Jeffrey,043-455-3167x894,v*****s@gmail.com,http://anderson-mejia.com/,30000,2007-12-11 17:56:08.645251200,14
272,Mark,"37412 Robert Rapids
Lopezhaven, SD 63444",Amandaport,+1-715-017-5284x79968,a*****n@gmail.com,http://www.calderon-henson.info/,30000,1996-08-10 14:08:35.703168000,20
273,Richard,"20667 Hall Fort Suite 869
New Gabriel, NJ 51865",Port Tommy,052.489.8900x2783,l*****n@kincannon.co.uk,http://www.reynolds.biz/,40000,2009-11-19 05:33:25.840512000,4
274,Ann,"562 Mcintyre Ridge Suite 787
Port Jennaview, FL 48770",West Crystalhaven,873-503-3407,r*****e@gmail.com,http://mcfarland-haynes.com/,50000,1993-11-23 19:29:23.971113600,31
275,Patrick,"5648 Charles Mount
New Jamesview, WY 83738",New Angela,3528441117,e*****t@yahoo.com,https://nelson.com/,40000,2008-05-26 17:21:34.551561600,9
276,Paul,"95386 Phillips Throughway
Lake Terry, IL 59375",North Danastad,8210941595,k*****a@koza.co.uk,http://www.watson.net/,30000,2008-06-02 16:55:56.114630400,8
277,Taylor,"337 Robinson Meadow
Loweryfurt, RI 36896",Williamsport,958-724-9531x132,e*****k@mercik.co.uk,http://www.browning.com/,40000,2006-01-29 23:22:42.516220800,14
278,Brittney,"41435 Anderson Junction Suite 203
Whitneymouth, OR 23079",New Hannah,001-813-204-0469,k*****i@yahoo.com,https://rodriguez-hale.info/,40000,2002-03-19 01:15:46.951113600,20
279,Paul,"34092 Soto Groves
West Jameston, NV 44019",North Thomasborough,763.570.9271x7417,s*****e@yahoo.com,http://www.medina.info/,50000,2007-09-29 13:08:57.191596800,13
280,Edward,"2780 Haley Crossing Apt. 732
Aaronfort, AZ 50415",Paulaview,031-645-9746x72330,d*****n@yahoo.com,https://www.schneider.com/,40000,1995-10-07 19:20:55.560249600,24
281,Ashley,"014 Ramirez Mission
Baldwinhaven, NC 54580",Lake Joshua,(724)631-0634,o*****n@gmail.com,https://www.griffin.com/,40000,2006-09-26 09:09:31.546022399,6
282,Michael,"21924 Cory Place Suite 616
Laurashire, OH 66173",Khanfurt,(981)785-0969,l*****e@yahoo.com,https://www.sellers.com/,30000,2002-11-08 04:58:14.403273600,17
283,Nicholas,"510 Sandra Via
Port Kellyfurt, NM 54703",New Andrea,835.901.1955x1976,l*****a@yahoo.com,http://cruz.com/,30000,1990-10-04 17:00:12.912796800,37
284,Janice,"51247 Richard Crossing
West Reneeborough, MI 58872",Port Pennyport,+1-878-329-8612x1263,j*****g@hotmail.com,http://miller-cross.com/,40000,1996-09-09 21:18:50.285923200,30
285,Harry,"Unit 2205 Box 1032
DPO AA 40304",North Carolineview,755-712-1037x7842,a*****d@glasford.co.uk,http://www.phillips.com/,40000,1993-05-17 07:36:40.039516800,23
286,Thomas,"17895 Taylor Dam
Port Jasonmouth, WI 75291",North Brian,+1-658-558-7815x1977,m*****i@hotmail.com,http://www.thomas.com/,50000,2010-01-22 05:53:33.101836800,17
287,Brandy,"9893 Grant Union
West Walterport, OK 97605",Port Brianbury,7821246971,e*****t@gmail.com,https://white-scott.com/,30000,2000-04-20 23:21:47.223417600,31
288,Leonard,"9019 Rich Overpass
Scottview, OH 05332",Port Laura,+1-895-866-1316x9037,l*****x@gmail.com,https://christensen-miller.org/,40000,1999-06-14 22:35:29.731171200,22
289,Vicki,"6435 Jenny Ville
East Samantha, IA 55139",Shannonmouth,001-527-665-6954x469,e*****h@syrop.co.uk,http://www.cannon.com/,40000,2003-07-15 23:40:08.095497600,19
290,Rachel,"277 Roberta Ranch
Kevinburgh, IL 63943",Evanview,+1-484-968-2350x63037,m*****y@yahoo.com,http://www.thompson.biz/,40000,1997-12-16 21:05:57.037891200,31
291,Samantha,"79785 Peter Green
Nicholasburgh, KS 80077",Robinsonbury,001-073-783-7034x76363,m*****n@gmail.com,https://www.holland-mitchell.org/,40000,1992-09-28 04:38:28.458384000,37
292,William,"1112 Ronald Flat Apt. 770
North Joelland, NM 66810",Lake Jorgefurt,001-482-583-0040,t*****t@gmail.com,http://green.com/,40000,2005-10-12 09:24:42.513148800,12
293,Dale,"72659 Steven Heights
New Justinside, OK 05407",Braunmouth,049.603.8871,a*****i@yahoo.com,https://hoffman-frost.com/,40000,1993-12-15 00:41:32.152876800,26
294,Anthony,"40807 Robles Circle
Ryanburgh, VT 20651",Lake Sherriville,(242)165-0542x709,d*****s@fonnesbeck.co.uk,https://www.lane.com/,50000,1999-10-30 16:42:56.432217600,21
295,Leah,"7842 Stephen Falls
Matthewfurt, AK 46049",West Charlesborough,760-829-0755x2110,e*****i@mazierski.co.uk,http://salazar.biz/,40000,1994-04-27 20:38:42.462729600,20
296,Beth,"USCGC Murphy
FPO AE 25662",South Sabrina,871-859-9903x344,g*****n@okoren.co.uk,http://cantu.com/,40000,1992-03-17 20:26:35.840803200,26
297,Joseph,"85343 Wood Cliff
North Eric, IA 41034",Port Williamton,(285)512-4531,c*****o@pelayo.co.uk,http://gutierrez.org/,30000,2007-07-02 04:06:33.950851200,13
298,Dale,"39966 Hailey Road
North Michaelton, AZ 45992",Brownside,001-164-730-4139x15436,r*****n@hotmail.com,http://www.long.com/,50000,2008-12-15 03:35:41.579779200,14
299,Mitchell,"0064 Robert Burg
Hodgeside, ME 50952",Jamesborough,+1-392-273-5066,y*****y@groody.co.uk,https://www.carter.org/,30000,2009-12-20 20:35:32.220211200,3
300,David,"45632 Clark Isle
New Brittanyfurt, OR 93769",North Eric,(920)975-9746,t*****e@yahoo.com,http://morgan.biz/,40000,2007-11-18 07:04:02.839584000,14
301,Eric,"068 Alicia Prairie
Andreaport, CT 84762",Velezfurt,001-289-541-3441x7819,j*****e@yahoo.com,https://www.weaver.com/,50000,2004-10-03 04:33:19.816934400,14
302,Monica,"014 Casey Pass Suite 606
Ginaside, MI 18324",Bowmanmouth,586-449-5105x791,a*****r@hotmail.com,https://young.net/,30000,1996-02-27 23:00:12.734294400,22
303,Brent,"9582 Young Walk
Nathanfort, GA 10474",Johnsonport,+1-566-052-7380,w*****a@brigham.co.uk,http://www.green.com/,40000,1991-08-18 12:38:31.653772799,30
304,Hannah,"772 Manning Port
North Brandi, GA 23157",Hunterland,549-775-7731,r*****s@gmail.com,https://www.martin.com/,40000,1997-08-01 07:17:45.457353600,23
305,Eric,"252 Carpenter Spring Suite 450
Port Joshua, MO 77541",Port Sarah,611.429.2052x354,m*****t@alcazar.co.uk,https://www.stephens-white.com/,30000,1994-08-26 16:51:48.329366400,27
306,Rebecca,"212 Michael Corner
New Patricia, DE 69263",Williamsland,195-828-1498x004,d*****a@gmail.com,http://www.tate.biz/,40000,1992-06-30 22:54:42.584428800,23
307,Erica,"42957 Valerie Junction
Sarahmouth, MT 27433",Lake Josestad,(551)847-6156x75279,c*****n@hotmail.com,https://www.bright-goodwin.biz/,50000,1991-03-26 08:08:08.747664000,22
308,Paige,"059 David Grove Apt. 661
Hallbury, UT 52614",Cooperchester,6939851106,a*****a@yahoo.com,https://curtis.net/,40000,2004-08-31 04:37:05.513260800,8
309,Sarah,"7633 Sanford Hills Suite 323
Katietown, TN 92312",North Lisabury,585-143-3025,j*****l@przybyl.co.uk,http://banks-parker.info/,40000,1990-11-21 11:44:10.698489600,38
310,Chad,"331 Oliver Common Suite 323
East Maria, ID 24770",Torresfort,397.477.4875x5252,e*****e@yahoo.com,https://www.brennan.com/,30000,2005-08-29 20:42:38.755670400,17
311,Travis,"41168 Angela Vista Apt. 475
West Michaelchester, IA 77826",Elizabethton,014-479-1986x1635,i*****s@muns.co.uk,https://dodson-luna.net/,40000,1992-02-11 14:12:45.327888000,29
312,Amber,"181 Henry Falls Apt. 869
Summersside, CA 84197",North Davidport,8103732321,e*****k@gmail.com,https://cook.org/,50000,1991-07-04 23:43:12.176745600,25
313,Troy,"15162 John Meadow
Simpsonhaven, MS 93206",East Margaret,001-059-014-9520,k*****y@hotmail.com,https://porter.com/,50000,1991-06-18 15:21:15.967900799,23
314,Jorge,"478 Johnston Village
Port James, LA 19200",Millerstad,001-373-717-8432x881,k*****n@gmail.com,http://jackson.com/,40000,2003-05-15 23:33:02.637619200,9
315,Bryan,"772 Susan Mountains Apt. 748
Angelachester, SC 71321",Romeroberg,375-474-6139x147,j*****k@gmail.com,http://www.jones-valdez.com/,50000,1995-08-26 15:40:04.959984000,30
316,Stacey,"236 Erica Shoals Suite 207
Marshton, CA 74866",Kelseyview,737.465.2563x95550,f*****t@gmail.com,https://short.com/,50000,1998-07-25 11:04:20.084016000,32
317,Stacey,"5609 White Oval
Port Erica, MA 58423",Adamsshire,113-481-2889x62407,p*****e@brabble.co.uk,http://www.mason-khan.biz/,40000,2000-06-30 03:16:24.045283199,18
318,James,"28386 Edwards Shore
New Stephenmouth, VA 62934",New Jeffrey,001-986-353-9851x8163,g*****a@gmail.com,http://www.harris-miller.com/,30000,2007-09-14 04:29:06.085795200,14
319,Michael,"3183 Larsen Corners
West Christinahaven, WI 84502",Howellside,2824616597,t*****i@gmail.com,http://robinson.info/,50000,2004-03-20 18:50:57.123081600,11
320,Kenneth,"6020 Tyler Ferry Apt. 166
Robertchester, IL 06795",Paultown,937.112.7459,b*****p@yahoo.com,http://parker.com/,30000,1995-04-29 00:22:34.378233600,19
321,Matthew,"5486 Franklin Lane Apt. 165
East Nicolefurt, MS 54415",Alexisbury,+1-992-262-2172,o*****s@yahoo.com,https://morales-nguyen.biz/,40000,1992-08-17 14:43:11.852054400,36
322,Yolanda,"91245 Green Mills Suite 632
Thompsonburgh, AR 28815",Port Philipborough,671-624-1999,c*****a@hotmail.com,https://www.wilson-david.net/,50000,1990-05-13 13:33:17.423740800,28
323,Dawn,"83777 Obrien Neck Apt. 384
Alvaradochester, WV 16488",East Brandyfurt,590-859-9255,l*****z@yahoo.com,http://www.liu-simon.net/,30000,1995-05-21 11:30:39.471955200,16
324,Mckenzie,"47397 Smith Land Suite 561
South Christina, KS 28212",Sarahhaven,(966)818-4397,d*****a@whitrock.co.uk,https://www.guzman-snow.org/,30000,1994-08-07 00:50:41.137008000,32
325,Andrea,"140 Michael Stravenue Apt. 707
Nguyenborough, IL 42479",Audreyhaven,726.107.3686,d*****a@belyea.co.uk,http://www.christensen.com/,40000,1999-02-11 13:30:41.562201600,16
326,Katherine,"194 Carrie Brooks Suite 921
Blackton, WA 84053",Sarafurt,8396516446,c*****n@mccrossin.co.uk,https://www.arnold-ramos.com/,50000,2004-03-27 01:16:57.000950400,18
327,Jeremy,"091 Miller Villages Apt. 177
Richardsonfort, NY 44766",Latoyaview,272-698-8369,a*****e@gmail.com,https://www.sutton.info/,30000,2003-08-02 05:44:53.304316800,19
328,Jose,"943 Munoz Overpass
Melanietown, VA 37594",Charlestown,001-240-710-3466,f*****a@claybrooks.co.uk,https://holder-reyes.net/,40000,1994-11-02 09:19:43.086345600,27
329,Jose,"39261 Julia Mission Apt. 859
East Alyssa, AK 07575",Lake Debbie,001-685-182-6513x6104,c*****n@hotmail.com,https://www.fernandez.org/,30000,1997-01-10 17:54:43.759238400,16
330,Caitlin,"640 Patton Land
Lake Patrick, OK 14699",Russomouth,885.890.6171,a*****l@hotmail.com,http://tucker.org/,40000,1993-12-12 11:44:03.245280000,28
331,Holly,"087 Tyler Estate Apt. 421
New Michael, MN 27062",South Victoria,001-692-499-9410x866,v*****d@yahoo.com,https://allen-estrada.net/,50000,2005-02-09 02:43:27.515510400,7
332,Steven,"012 Greene Springs Suite 916
East Jacquelineshire, NE 64213",New Cynthia,050.760.5316x281,p*****i@rempel.co.uk,https://lee.com/,50000,1991-05-20 07:58:08.810774400,35
333,Sarah,"USNS Singh
FPO AE 78076",West Luishaven,001-375-601-7972x293,g*****n@meyerhoff.co.uk,http://www.scott.com/,40000,2003-10-09 06:17:03.670915199,21
334,Melissa,"1357 Horn Inlet Apt. 756
Port Allisonside, ND 46108",Port Marvin,+1-851-865-2006x71917,a*****a@marse.co.uk,https://www.warren-gallegos.org/,30000,2004-12-06 03:33:55.821254400,9
335,Cynthia,"3522 Hannah Plains
Brittanystad, MT 87290",Masonmouth,001-031-802-8519x585,c*****a@gmail.com,https://mcknight.org/,40000,2005-07-20 17:45:05.489308800,24
336,Robert,"3299 Travis Cliffs Suite 624
Elizabethshire, CO 03466",New James,343-114-7526x265,l*****s@yahoo.com,https://www.garcia-cooper.com/,50000,1995-03-12 08:11:24.441244800,35
337,Caroline,"46333 Joshua Forge Apt. 931
Woodburgh, WV 32154",North Oscarstad,077.145.7854x826,j*****m@gmail.com,https://hess-shaffer.com/,50000,1996-11-27 01:53:27.087504000,20
338,Rebecca,"7668 Crystal Drives Apt. 841
East Rhondatown, MO 96319",Turnerton,160.051.9227x339,k*****h@gmail.com,https://www.johnson.com/,30000,2001-05-08 00:04:13.561968000,15
339,Katie,"869 Andrew Shores Apt. 204
West Kevinton, WV 11261",Owensland,+1-658-898-3921x9176,a*****e@hotmail.com,http://king-diaz.biz/,40000,1995-03-16 05:41:01.171363200,35
340,Larry,"99331 Amy Burgs
Coopermouth, DE 51908",Baxterton,(055)886-5831,s*****n@yahoo.com,https://www.fox-thomas.info/,50000,1997-11-24 10:48:47.613830400,26
341,Kimberly,"194 Rowe Track Suite 287
Wandachester, TN 04050",West Russell,896.644.2284,c*****e@holman.co.uk,https://www.fisher.info/,30000,1994-08-08 16:17:08.537510400,26
342,Brenda,"89831 Schroeder Creek Apt. 896
New Mistytown, AZ 54860",South Robert,001-677-024-7177x61295,h*****d@hotmail.com,https://jones.com/,30000,1998-08-14 16:58:12.292694400,31
343,Linda,"91124 Lindsey Loaf
Nicholasport, MO 99297",Maryfurt,+1-579-405-1025x61564,m*****d@yahoo.com,https://www.hawkins.com/,50000,1990-12-22 22:29:57.664003200,35
344,William,"9425 Walker Islands Suite 237
Cynthiamouth, DC 57464",Jerryberg,576-848-1799x50079,m*****n@gmail.com,https://www.wright.com/,30000,2006-04-03 07:24:34.502947200,22
345,Angel,"3965 Wells Underpass Apt. 572
West Michaelland, LA 33890",North Lauren,001-265-977-0098x134,p*****i@gmail.com,https://www.sanchez-wilson.net/,30000,1991-07-12 05:51:04.465497600,39
346,Tanya,"7387 Alan Stravenue
Michaelhaven, VA 87256",West Charlesmouth,001-120-360-8961x2817,n*****n@hotmail.com,https://mathews-bean.com/,50000,2000-05-20 14:37:49.212163200,22
347,Jessica,"PSC 2660, Box 4883
APO AE 39692",Michaelmouth,751.124.4618,v*****e@hotmail.com,https://www.matthews.com/,30000,1996-05-19 13:18:36.340732800,19
348,Ryan,"PSC 0891, Box 1778
APO AE 46657",New Marcus,367.715.4571x1909,j*****l@yahoo.com,http://gonzalez-hall.com/,50000,2001-03-22 12:41:26.951596800,11
349,Donna,"4043 Banks Stream Apt. 408
East Franciscoport, MN 74550",Colemanberg,+1-263-539-0575x68439,t*****s@nahmias.co.uk,https://www.bell-smith.info/,40000,2008-09-12 14:52:46.974345600,7
350,Marissa,"574 Moreno Landing
Martinchester, AL 13848",Port Melvin,581-648-7375,b*****s@gmail.com,https://www.jordan-diaz.info/,30000,2003-08-25 12:52:08.198054400,11
351,Joseph,"54798 Peterson Ramp Apt. 023
Port Patriciaside, GA 95930",Port Kimberly,(610)300-4520x2754,k*****n@gmail.com,https://shah.biz/,30000,1989-11-17 08:35:27.366432000,36
352,Jennifer,"446 Davis Rue Suite 150
Herreraburgh, FL 18623",Michaelburgh,(092)923-7713x5088,m*****r@setter.co.uk,https://www.carter-lucas.org/,40000,1998-10-07 12:29:07.271174400,27
353,Jacob,"25691 Kemp Key
North Henryview, OR 74983",Josephville,(811)650-3817,b*****e@matsumura.co.uk,https://www.michael.com/,30000,2000-06-09 04:23:41.830396799,14
354,Sarah,"7617 Foster Isle Suite 125
Maryton, DC 13969",West Robertport,+1-884-120-3559,e*****r@gmail.com,http://www.conner.com/,40000,2000-02-22 07:30:23.872579200,30
355,Norma,"9751 Gary Center Suite 148
Juliebury, KS 41683",North Andrea,+1-057-613-0245x931,m*****y@hotmail.com,http://www.burns-williams.com/,40000,2003-05-23 06:05:18.165580800,26
356,Shannon,"981 Walker Flats Apt. 230
Alexside, FL 76237",Ryanborough,001-512-750-6316x1816,n*****a@gmail.com,http://www.martinez.com/,40000,1995-12-18 02:48:36.578419200,29
357,Vanessa,"01244 Jackson Cliff Suite 879
West Paulfort, AL 79453",Jerryfort,4243837036,b*****o@yahoo.com,https://hicks.org/,30000,1993-04-27 10:55:37.168060800,32
358,Travis,"64628 Gonzalez Point Suite 088
New Kimton, TX 01714",South Lukefort,(678)350-4354x354,s*****e@hotmail.com,https://www.horton-williams.biz/,40000,1997-02-10 21:19:25.782499200,15
359,Andrew,"0850 Devin Cove
East Michaelhaven, IN 68873",Wesleyland,(386)916-9951x09400,d*****t@yahoo.com,https://walker.info/,40000,2009-04-22 12:00:18.208540800,18
360,Tyler,"7780 Johnson Lodge
Deckerville, VT 13665",East Colleenberg,+1-623-912-0591,r*****n@hotmail.com,https://lucas.com/,40000,1992-12-30 04:16:44.699404800,25
361,Jamie,"527 Medina Drives Apt. 576
South Sarah, SC 89330",Lake Richard,8175070454,c*****g@hotmail.com,https://perry.com/,40000,2008-01-31 12:09:45.334598400,8
362,Lee,"294 Diaz Inlet Suite 585
West Tracey, UT 14002",West Kimberlyhaven,817-706-3267,s*****x@yahoo.com,http://www.sullivan.org/,30000,2001-08-16 01:06:37.837296000,25
363,Marissa,"93606 Morton Road
Myersstad, MA 48487",Williamberg,001-075-462-5618x18356,l*****h@hotmail.com,https://jones.com/,30000,1998-12-25 04:40:34.741401600,15
364,Joseph,"USS Walsh
FPO AP 87398",Sandraberg,302-749-3919x9779,b*****a@yahoo.com,http://hudson.net/,30000,2007-02-27 04:40:08.527296000,19
365,Brian,"Unit 5996 Box 4981
DPO AP 21395",Port Elizabeth,001-360-844-2338x543,d*****e@yahoo.com,http://www.gonzalez.com/,40000,1999-11-29 13:27:11.060438400,21
366,Greg,"42423 Laura Ranch Suite 064
Santoston, DC 58218",Ashleyfort,943-340-7346x132,v*****a@hotmail.com,http://www.meyer.com/,40000,2004-06-30 18:27:00.266457600,8
367,Dustin,"PSC 2157, Box 5976
APO AP 64514",North Sandraborough,(548)283-5930x321,l*****o@yahoo.com,http://www.roberts.com/,50000,1998-04-21 06:41:45.631363199,25
368,Melissa,"USNV Ramsey
FPO AP 96126",Smithville,1859195716,m*****a@yahoo.com,http://riley.org/,40000,2008-02-28 22:45:36.103737600,15
369,Elaine,"PSC 4467, Box 4555
APO AP 64010",New Kellyborough,282.584.3080,m*****d@westad.co.uk,http://www.gibbs.net/,40000,2003-02-25 07:44:49.705468800,20
370,Dylan,"PSC 8598, Box 5602
APO AP 65218",Mooreside,+1-623-818-2748,b*****d@yahoo.com,https://www.gregory-hayes.org/,40000,2004-03-29 10:31:46.129785600,25
371,Michael,"Unit 4179 Box 7503
DPO AA 38280",Mitchellberg,(060)899-9851x01768,j*****t@yahoo.com,http://lee.com/,50000,1997-02-19 07:48:21.926246400,26
372,Michelle,"80660 Julia Shoal
New Peterhaven, KY 05788",Taylorview,(359)164-7985x625,s*****n@hopman.co.uk,http://www.smith-peters.com/,50000,2005-03-19 00:35:39.595430400,9
373,Mark,"324 Johnson Locks
North Lauren, AL 03596",Port Pamela,(145)255-2134,c*****a@jirsa.co.uk,https://tate.com/,50000,2002-07-24 01:29:22.942780800,26
374,Joshua,"1620 Hoover Expressway Apt. 951
West Claudiatown, OH 89660",West Mindyfurt,156.153.7679x6156,k*****e@hotmail.com,https://www.martinez.com/,40000,1995-07-18 14:06:53.335756799,21
375,Amy,"33204 Tiffany Course
East Crystalmouth, MS 84429",West Allenton,432.323.4071x712,a*****y@gmail.com,https://good-jenkins.com/,40000,1992-07-18 21:31:09.443452800,23
376,Tricia,"293 Andrew Squares Suite 396
Port Katherineberg, DC 39385",North Joel,328-095-4815,p*****k@hotmail.com,http://parker-kirby.com/,30000,2005-09-05 10:28:00.147993600,13
377,George,"480 Johnson Greens Suite 753
Parkerview, AR 23029",Port John,159.276.0155x4155,t*****n@merriam.co.uk,https://www.johnson-hamilton.com/,50000,2008-07-16 16:06:31.833360000,15
378,Cameron,"7831 Carolyn Loaf Suite 466
Dakotafurt, ND 72865",Deborahshire,2425230774,p*****r@yahoo.com,https://www.taylor-bush.biz/,30000,1999-07-28 03:53:40.297516800,17
379,Douglas,"300 Courtney Highway
Port Eugeneview, TN 69414",North Shane,001-958-205-8976x72798,l*****a@yahoo.com,https://www.burns.com/,40000,2000-12-29 17:31:38.944271999,18
380,Sherri,"PSC 0480, Box 1849
APO AE 15966",South Danielle,(434)216-6593x9371,v*****e@chiphe.co.uk,http://gutierrez-murray.info/,40000,2007-08-27 12:31:09.564499200,20
381,Eugene,"7052 Hill Hill Apt. 240
Amandaport, AL 70259",North Tanya,107.842.9375x14054,a*****p@gmail.com,https://hill-garrett.net/,40000,1998-08-29 11:23:21.137539200,23
382,David,"84839 Ward Road
Lake Vincent, OH 46462",South John,664-440-7702x1242,v*****y@havely.co.uk,http://www.ware.com/,50000,2009-09-16 09:28:41.756736000,17
383,Heather,"921 Martin Stream Suite 173
Alexandrastad, SC 21599",Thomasville,056-142-6934x9545,e*****r@yahoo.com,http://www.hart-ramirez.net/,40000,2001-04-09 10:30:42.327360000,16
384,Richard,"75116 Knight Stravenue
Ryanmouth, VT 95793",Warrenchester,592-042-2978x4582,s*****t@mordhorst.co.uk,http://thomas.com/,40000,2007-01-01 12:35:24.044121600,20
385,Phillip,"23503 Tammy Knolls Suite 130
Dixonbury, PA 60784",Sanchezberg,(122)257-3912x9735,f*****a@gmail.com,http://www.clark.org/,40000,2007-07-12 00:17:34.660867199,7
386,David,"4441 Carr Tunnel
West Carolinehaven, WY 05070",Phamfurt,+1-472-378-6000,e*****n@gmail.com,http://goodwin.com/,30000,2006-04-22 05:12:30.521347200,19
387,Patricia,"6772 Moon Drive
Georgetown, NJ 34886",East April,001-409-145-3111,d*****y@yahoo.com,https://www.martinez.info/,40000,1993-05-11 16:22:10.844371200,34
388,Christina,"57550 Mcmahon Station Apt. 796
Port Juan, NE 01061",East Cindy,001-254-726-1018,g*****i@hotmail.com,https://washington-hines.com/,30000,2002-01-03 17:34:04.435823999,21
389,Victoria,"8955 Phillips Road Apt. 167
Patriciaview, WV 03571",South James,+1-139-276-6333x07792,r*****r@hotmail.com,https://www.marks.net/,50000,1997-05-19 23:03:23.916240000,32
390,Scott,"5247 Gonzalez Plaza Apt. 007
West Josephview, PA 23369",Michaelville,934.253.6814x99863,a*****o@gmail.com,https://hall-lynch.com/,40000,1991-05-30 04:20:23.494531200,39
391,Charlene,"91805 Maureen Port
Patrickville, ND 23660",Robertside,001-073-004-6188x0677,c*****e@gmail.com,http://www.smith-hansen.com/,40000,1998-05-29 23:30:40.231324800,24
392,Patrick,"817 Robert Stravenue
New Michael, ME 23928",Matthewfurt,(862)829-8494x805,m*****l@yahoo.com,https://shaffer.com/,40000,1994-05-10 22:41:56.488761600,29
393,Richard,"343 Wood Stravenue Suite 769
Stephentown, UT 58729",Dominguezborough,143.539.5747x9651,e*****h@hotmail.com,http://www.castillo.com/,50000,2007-03-22 01:46:23.351145600,13
394,Deanna,"Unit 8161 Box 9173
DPO AP 53444",Victoriamouth,001-145-420-3554x32910,r*****v@ziv.co.uk,https://hawkins.com/,30000,1990-06-01 07:45:59.173920000,23
395,John,"5462 Edward Mountain
West Kelly, NY 83141",Louistown,001-149-302-0975x11893,l*****m@cronholm.co.uk,https://www.washington-smith.org/,30000,2008-07-07 07:51:58.976784000,12
396,Dylan,"USNS Roberts
FPO AE 69566",Jonside,543.383.5413,l*****r@hotmail.com,https://barnes-howell.com/,50000,1996-06-16 07:47:43.319270400,24
397,Kristina,"6942 Atkinson Shoals
West Betty, VT 62158",Griffinshire,695.802.2110x648,s*****k@prok.co.uk,https://baxter.com/,30000,1996-10-20 02:24:46.766678400,16
398,Patricia,"Unit 3236 Box 6905
DPO AA 59192",Lake Kimberlyfurt,+1-805-045-5854x23210,e*****n@yahoo.com,http://holt.info/,30000,1990-04-02 07:06:17.908444800,24
399,Robert,"057 Reyes Turnpike
North Mark, NY 72435",West Loriland,874.503.5847,b*****a@yahoo.com,https://berry.com/,40000,1993-03-22 07:22:36.610406400,22
400,Briana,"715 Heather Burgs Apt. 851
Finleymouth, AR 55597",Changland,380-127-6409x8185,l*****n@gmail.com,http://www.graham.biz/,40000,1997-03-19 14:26:45.272054400,18
401,Brendan,"5503 Green Ports
Williamschester, IL 38578",Lawsonside,+1-175-845-7176,j*****r@hotmail.com,https://www.fischer.com/,40000,2008-03-10 09:40:27.391929600,12
402,Brad,"262 Cory Extension Suite 329
Jeanettehaven, IA 98053",West Davidchester,4586613889,l*****s@yahoo.com,https://www.choi.com/,30000,1992-06-28 18:52:49.169020800,25
403,Ariana,"279 Daniel Club
East Benjaminfurt, WA 33142",Fullershire,4177312242,j*****l@driscol.co.uk,http://www.jackson.com/,30000,2008-06-02 08:57:07.510867200,8
404,Janet,"7509 Meredith Way
Petersontown, NY 49162",Lake Ericamouth,001-962-414-5324x75934,t*****s@parks.co.uk,http://little.com/,50000,2006-07-26 11:35:48.840633600,23
405,Erin,"70753 Dixon Fall Apt. 150
New Jeffrey, MN 43887",West Tylerton,201-490-1362,k*****e@bendle.co.uk,http://rush-rice.com/,40000,1998-07-04 02:39:04.764124800,24
406,David,"222 Jared Ranch Suite 013
Johnsontown, NY 57863",South Danafort,001-135-638-6039x87350,l*****i@hotmail.com,http://www.delacruz.org/,30000,1997-04-13 21:02:21.885993600,19
407,Jason,"866 Lewis Plains Apt. 298
New Alberthaven, MD 47846",Francisburgh,(383)172-7595x101,s*****l@hotmail.com,https://hess-stephens.com/,30000,1994-10-31 10:17:11.775523200,20
408,Cynthia,"USCGC Pierce
FPO AA 51521",Glennview,790-439-0224x5841,r*****r@heier.co.uk,http://mcbride.com/,50000,2001-06-17 06:41:58.172928000,20
409,Michelle,"7347 Dudley Passage Suite 686
West Bradley, OH 89671",Manningburgh,915-377-9834,g*****s@hotmail.com,https://www.peterson.com/,30000,1990-02-27 15:25:52.203647999,25
410,Albert,"174 Jon Circle
New Dianafort, RI 48240",East Johnborough,+1-177-889-4470x3605,d*****a@hotmail.com,https://hodges-duncan.com/,40000,1990-08-21 00:25:47.151753600,38
411,Bryan,"2326 Hays Ways Suite 704
Archerton, DE 78157",Geraldmouth,+1-130-537-4409x923,l*****e@yahoo.com,https://www.wilson-silva.com/,40000,1998-03-03 18:45:25.796620800,29
412,Daniel,"403 Brooks Lodge Apt. 844
Howeland, IL 85816",North James,766-969-4396x554,g*****s@sonkens.co.uk,http://www.stanley-anderson.com/,30000,1991-07-14 08:22:49.537257600,30
413,Paula,"PSC 8370, Box 2557
APO AP 99732",Port Donald,(075)254-0631,s*****a@gmail.com,https://www.smith.com/,40000,1995-08-08 16:20:26.314886400,22
414,Heather,"811 Wood Mills
New Andrewborough, MI 63088",Youngborough,826.968.0921x8014,n*****a@hotmail.com,https://thompson.com/,30000,1994-12-01 19:14:22.345555200,31
415,Matthew,"62781 Thompson Circle Apt. 796
East Matthewshire, WI 67934",Munozfurt,+1-760-160-4484x35810,e*****e@gmail.com,http://www.patterson.biz/,50000,1994-10-23 19:33:24.019689600,26
416,Zachary,"4820 Jordan Island
East Mitchell, DE 40113",Michelleview,001-920-919-6873,a*****f@yahoo.com,http://www.jimenez-dorsey.net/,30000,1993-01-11 11:44:54.463977600,28
417,Lucas,"089 Velez Row
Huffmanhaven, CA 19471",Wolfeberg,001-488-866-6365x0176,t*****u@hotmail.com,https://castillo.net/,40000,1989-10-01 22:28:46.083936000,31
418,Nancy,"678 Shelton Ports Apt. 981
South Angela, AL 80882",South James,001-818-397-4043x48337,d*****i@gmail.com,http://www.gonzalez.com/,50000,1992-01-23 17:28:42.951014399,34
419,Susan,"USCGC Gordon
FPO AE 29412",East Jamesstad,7667110376,a*****m@hotmail.com,https://www.price-lane.net/,40000,2001-10-15 14:48:09.446400000,23
420,Beth,"4856 Michael Mission Suite 263
West Paulmouth, ID 16286",Port Sherri,499-476-0446x93072,f*****n@gmail.com,http://www.martin.net/,30000,2008-09-25 21:58:52.969353600,20
421,Rachel,"4183 Jackson Dale
North Jasonville, AZ 25722",Anthonyshire,522.575.2194,l*****e@yahoo.com,http://www.taylor.net/,50000,2009-09-21 11:03:14.233305600,11
422,Kimberly,"PSC 8092, Box 9946
APO AE 71345",Alexandriahaven,229-603-6917x81435,m*****r@gmail.com,https://lee-sharp.com/,50000,1998-06-08 13:10:52.676774400,23
423,Stacy,"9811 Fernandez Wall
North Chrisberg, NV 24781",South Laura,296-343-8761x8975,l*****y@gmail.com,https://weber-johnson.com/,40000,1993-11-27 13:04:51.170534400,19
424,Lori,"8262 Ryan Shore Suite 993
North Kevin, MA 96304",Lake Brendamouth,+1-918-771-3390x061,a*****i@naomi.co.uk,https://mcdonald.com/,40000,2001-12-16 19:02:29.701248000,19
425,Brandi,"676 Ryan Street
Brooksmouth, NE 51227",East Bradley,001-064-864-8663x61893,c*****a@hotmail.com,https://smith-reed.com/,40000,1998-12-25 04:06:02.466864000,22
426,Lisa,"347 Carney Islands
Aaronstad, TN 05658",Adamsmouth,692.847.2474x341,n*****o@gmail.com,https://pierce.com/,50000,2009-11-19 15:04:04.757375999,6
427,Jose,"6289 Stone Haven Suite 400
West Melissa, MA 41820",Lake Joshuafurt,+1-183-135-2042x279,a*****g@gmail.com,https://www.sexton-parker.com/,40000,1991-07-23 02:42:03.235766400,31
428,Justin,"836 Mathew Cove
Jessicatown, MO 69335",Port Amber,+1-442-563-8797x749,g*****s@kernagis.co.uk,https://www.robinson.com/,40000,2006-03-31 07:27:33.666134400,13
429,Katherine,"940 Kennedy Ferry Apt. 443
North Christieshire, VT 83852",Kirbyshire,782.508.9201x36759,s*****l@hotmail.com,http://www.patrick.org/,40000,1995-12-09 00:56:46.017945600,19
430,Christopher,"48229 William Meadow Apt. 877
Sherryville, AL 99439",Lake Danielfurt,(614)611-8537,a*****l@hotmail.com,https://rose.com/,30000,1994-05-04 19:18:23.467305600,19
431,Dawn,"23162 Brett Way Suite 899
Mcbridebury, AL 13681",Briannamouth,(552)794-7272,t*****e@gmail.com,http://www.russo.com/,40000,2003-11-30 06:12:05.726995200,14
432,Denise,"Unit 1492 Box 1285
DPO AE 08259",Lake Tanyafurt,(525)543-6188x330,p*****y@kopan.co.uk,https://www.hunt-rodriguez.info/,40000,1995-04-01 17:42:11.192601600,25
433,Victoria,"45892 Hudson Trafficway Suite 600
Port Brandiborough, MI 05515",Hillview,113-799-4970,r*****e@hotmail.com,http://fitzpatrick.com/,40000,2003-09-23 18:24:03.993436799,24
434,Gerald,"Unit 8426 Box 8516
DPO AP 73665",West Wesleyshire,320.835.7114x798,c*****l@gmail.com,http://harris.com/,30000,2000-02-10 10:56:40.705152000,22
435,Sean,"9983 Parsons Plains Apt. 843
Brandyshire, MT 90216",Josephchester,+1-562-461-8221x07382,d*****o@yahoo.com,http://hernandez.com/,50000,1998-06-25 09:27:34.517836800,30
436,Shane,"1949 Jennings Shores
North Stephanieside, OR 90614",North Kathrynmouth,516.349.4421,n*****o@yahoo.com,https://www.barber.biz/,40000,2001-09-28 13:10:44.838912000,27
437,James,"71968 Sally Overpass Apt. 113
North Josephview, ME 44818",Wardtown,318-782-0263,c*****e@yahoo.com,http://white.com/,40000,1996-02-22 04:45:42.151651200,27
438,Maria,"5390 Ward Mountain Suite 880
Angelaport, TN 74143",Justinmouth,+1-339-202-5494x21956,s*****r@gmail.com,http://rollins.net/,50000,2004-04-14 05:38:07.068192000,11
439,Loretta,"865 Eric Shoal Apt. 136
East James, MA 64562",Meyerland,944.387.9195x667,e*****s@yahoo.com,http://adams.com/,40000,1998-02-21 22:39:46.427126400,26
440,Brandon,"77072 Walker Knolls
Walkerstad, OH 47315",Christopherland,+1-310-914-9203x449,l*****a@study.co.uk,https://manning-hernandez.info/,40000,1996-05-20 03:30:02.728223999,33
441,Kayla,"416 Jeffrey Bridge
Danielport, MN 80737",West Kelly,563.389.6317,f*****e@hotmail.com,http://www.johns.com/,50000,2006-03-01 04:01:04.893081600,8
442,Brian,"04594 Jesus Overpass Suite 982
North Andrew, CT 27107",Port Williamtown,+1-662-603-0577,s*****r@hotmail.com,https://james.com/,40000,2009-01-01 19:23:53.554272000,19
443,Robert,"22084 James Views
West Thomasville, NV 68972",Kiaraton,(739)488-5438,m*****i@yahoo.com,http://www.rodriguez.net/,50000,1990-10-03 03:06:21.312835199,23
444,Ryan,"151 Sean Harbor
Carrieside, OK 63507",South Patriciahaven,050-002-4574x3905,p*****n@farrin.co.uk,http://snow.com/,40000,1995-03-27 13:44:50.750649600,22
445,Susan,"06472 Smith Cliff
Lake Leah, SC 82248",North Victor,896.236.1577x92393,a*****n@hotmail.com,http://davis-green.com/,30000,1996-12-24 06:46:49.167523200,19
446,John,"87997 Jones Cove Apt. 367
Camachoborough, TN 60573",New Ashleyshire,(832)504-4561,o*****a@yahoo.com,http://www.smith-phillips.biz/,40000,2005-08-25 03:28:56.491305600,15
447,Brandon,"0971 Tony Burg
West Emmaville, TN 18194",Turnerville,981-862-1794,g*****l@hotmail.com,http://www.cook.com/,30000,2009-08-20 00:00:31.999276800,3
448,David,"887 Young Club Suite 533
West Mary, HI 67740",Erichaven,(842)040-2067x170,v*****e@hotmail.com,https://www.buchanan.com/,30000,2009-01-23 07:22:28.501420800,16
449,Paul,"52994 Nicole Crossroad
North Julia, SC 58733",West Jeremy,+1-613-344-0041x936,c*****n@gross.co.uk,https://www.anderson-norton.com/,40000,2008-02-06 13:15:45.727603200,16
450,Valerie,"337 Melanie Parkway Apt. 451
Jessemouth, NV 92284",Rachelfort,260.252.5815x7644,r*****r@yahoo.com,https://www.richard.com/,40000,1996-05-31 15:21:42.269011200,26
451,Nicole,"251 Hoover Cliff
South Kennethborough, MS 16024",Lake Krystalland,(978)548-9819x7831,c*****h@yahoo.com,http://www.duncan.org/,30000,2010-05-01 15:13:10.074950400,15
452,Patrick,"7146 William Lake Suite 040
East Justintown, AR 12891",Danielside,2787401686,t*****l@hotmail.com,https://small.biz/,50000,1994-10-02 06:18:27.644371200,27
453,Abigail,"4409 Stewart Mountain
Lake Kristyborough, VA 42487",Lake Andrew,001-056-330-9231,e*****s@yahoo.com,http://cummings-doyle.org/,40000,1991-06-14 18:00:31.758048000,37
454,Jay,"957 Vanessa Avenue Suite 696
North Ellenmouth, VA 57327",New Mariaborough,910-536-1696x276,m*****y@yahoo.com,https://www.gallagher.com/,50000,2009-03-07 15:50:04.678454400,5
455,Pamela,"91393 Stephen Pike Apt. 610
East Christopher, MD 91659",East Laura,001-908-691-0980,q*****a@hotmail.com,http://todd.com/,40000,1994-08-01 08:50:28.589279999,27
456,Tyrone,"976 Jason Lock
New Lisa, SC 88402",Martinborough,913-345-9196x03734,v*****k@gmail.com,http://buckley.biz/,30000,2003-04-26 10:43:36.018451200,19
457,Chelsea,"PSC 6037, Box 9654
APO AA 30751",Lake David,(797)165-6789x6619,d*****a@gmail.com,http://ryan.org/,40000,1990-07-02 08:26:14.672716800,27
458,Jacob,"1099 Cervantes Trail Suite 342
Jaredton, AL 53521",South Nicole,537-740-6361x69167,i*****n@gmail.com,https://www.montgomery.com/,40000,2004-02-17 13:27:22.598640000,11
459,Dillon,"190 John Skyway Apt. 791
North Justin, MT 42518",Cynthiafurt,+1-515-408-9983x83827,a*****k@hotmail.com,http://pena.biz/,40000,2008-04-20 20:20:56.081270400,14
460,Sara,"43440 Judith Orchard
Debrafort, AK 53542",Port Jonathanport,611.344.6843,c*****n@blyler.co.uk,http://jones-flores.com/,40000,1995-05-17 10:10:29.994873600,28
461,Pamela,"564 Barrett Walks
Bryanland, CA 61836",Port Daniel,481-598-4253x925,r*****a@hotmail.com,http://www.davis-solis.com/,40000,1996-10-07 09:21:08.588908800,27
462,Anthony,"73406 John Vista Apt. 004
Cathyfurt, CT 64094",West Jared,001-793-429-1025x28063,s*****n@knodel.co.uk,https://jackson.com/,30000,1996-11-01 14:35:23.885635200,19
463,Dawn,"Unit 4758 Box 7903
DPO AP 38556",Davisborough,+1-596-221-8609x57765,c*****a@yahoo.com,https://price.org/,40000,2005-01-26 15:31:41.628403200,21
464,Caroline,"59154 Dillon Harbors
New Michaelland, IL 87051",North Crystalfurt,+1-718-504-4759,a*****a@hotmail.com,http://www.lee.com/,40000,1994-02-04 10:04:23.288736000,35
465,Melissa,"6835 Krystal Hill Apt. 864
Lyonsborough, MD 07175",Samanthaport,843-763-0648x21842,d*****a@hotmail.com,https://phillips.com/,40000,1993-06-13 13:24:35.277868800,30
466,Laura,"903 Wilson Trail
Lake Sarah, AL 04322",Matthewfort,021.343.1596,d*****e@gmail.com,https://weiss.com/,30000,1998-09-29 12:35:41.451043200,23
467,Stacy,"5838 Logan Via Apt. 022
Port Sarah, FL 94382",Villarrealfort,001-990-791-5681x90389,p*****v@gmail.com,https://www.hale-flores.com/,40000,1995-07-07 10:42:30.323433600,29
468,Travis,"37030 Velez Village Apt. 340
Rodriguezview, MI 77766",Bowenchester,5362843277,w*****i@gmail.com,https://www.shelton.com/,30000,2006-08-20 02:46:38.831980800,6
469,Thomas,"00157 Snyder Crossing Apt. 018
Millermouth, IL 90468",South Williamfurt,093.512.7588x816,v*****e@hotmail.com,http://www.foster.org/,50000,1995-03-27 22:36:09.867168000,30
470,Christopher,"747 Sean Mission
Joycefort, LA 19766",Larryton,585.810.5894,t*****y@gmail.com,https://www.payne.info/,40000,1999-06-20 10:58:37.322428800,28
471,Robert,"2465 Silva Place Suite 346
North Wanda, DE 88827",Barbaraport,9761761614,v*****l@yahoo.com,http://davies-vargas.com/,40000,2009-03-10 12:22:43.339555200,14
472,Joan,"229 Harvey Light
Brooksport, NH 56773",Wendychester,001-783-640-9370x4668,m*****o@gmail.com,https://www.wilson.com/,30000,2002-02-05 23:41:32.327980800,24
473,Stephanie,"Unit 0847 Box 6478
DPO AE 76893",South Brandon,+1-949-032-1526,i*****i@piatkowski.co.uk,https://wyatt-osborne.com/,40000,2007-06-07 09:59:36.641097600,19
474,Sandra,"8631 Timothy Turnpike
Matthewberg, IA 24458",East Rebekahberg,001-311-537-6497x0583,e*****a@hotmail.com,http://thomas.com/,30000,2008-11-25 04:07:39.972806400,13
475,Danielle,"34696 Jennifer Flats
North Timothy, SD 59890",Port Kristine,001-868-126-5212x53306,i*****y@hotmail.com,http://west-morris.com/,40000,2005-10-04 02:06:50.193388800,20
476,Marie,"88938 Larry Neck
Port Jordanberg, TN 16129",Jordanview,(659)633-1762,n*****a@hotmail.com,https://www.dean.com/,40000,2004-07-23 02:17:21.696172800,27
477,Jessica,"4558 Jocelyn Curve
Pattersonfurt, CO 12703",North Kathrynport,(771)169-8008x9984,a*****s@hotmail.com,http://www.jarvis.biz/,40000,2008-09-12 22:57:15.518304000,7
478,Brian,"8717 Wright Underpass
North Elizabethmouth, FL 37442",New Michael,(247)486-8881x3819,o*****n@jentzen.co.uk,https://www.wilson.org/,40000,2010-02-15 02:12:43.415942400,20
479,Greg,"19733 Robert Bridge
Kimberlyberg, SC 11462",Amandaborough,0684445893,p*****g@fling.co.uk,https://martinez.info/,40000,1998-06-18 00:13:16.053744000,22
480,Sheena,"2368 Stark Burg
Kevinfort, CT 13528",East Tracishire,001-225-669-7513x42548,t*****k@gmail.com,http://www.murphy.com/,40000,1991-04-04 18:35:25.389369600,24
481,Michael,"376 Wendy Squares
North Robin, VA 96631",East Jenny,6444047488,a*****i@yahoo.com,https://anderson-fuller.com/,30000,1995-08-14 03:40:35.936025600,30
482,Joe,"62461 Smith Mill
Brockville, MI 49764",Williamsbury,001-787-573-7618x906,j*****y@conoly.co.uk,http://www.jones.com/,50000,1992-08-23 02:29:00.650832000,33
483,Felicia,"8547 White Corner
West Andrewhaven, KS 46250",Martinton,701-396-7302,d*****f@gmail.com,http://moore.com/,40000,1997-09-14 03:43:51.248064000,25
484,Timothy,"9224 Kyle Coves Apt. 091
East Mark, PA 30760",Christensenport,263.713.8336,j*****n@yahoo.com,http://smith.com/,50000,1993-02-09 04:47:45.642566400,36
485,Andrew,"2418 Evans Fords
Jasonland, NC 60737",North Beverly,817-866-5174x879,z*****r@freeburger.co.uk,http://www.ray-scott.com/,30000,2002-01-29 16:25:56.021692800,18
486,Cameron,"9375 Allen Run
Brianton, KS 04946",Port Anthony,212-954-2868x08826,s*****r@hotmail.com,https://www.gonzalez.net/,40000,1998-03-27 19:05:46.769884800,24
487,Danielle,"7798 Thomas Land Apt. 716
Kellyside, VT 14179",Port Jasonside,(949)432-9010x84206,i*****o@yahoo.com,https://lewis-le.info/,40000,2008-05-01 16:32:32.980704000,21
488,Lauren,"77001 Alan Stravenue
New Rachelview, IL 99061",Port Jerry,8969600888,r*****e@brigman.co.uk,http://rodriguez.com/,40000,2009-03-14 16:59:20.154624000,12
489,William,"084 Jim Lane Suite 346
Marissaville, NJ 30636",Andersonshire,(689)056-9775x9512,k*****h@schlabaugh.co.uk,https://www.james-harris.net/,40000,2001-05-08 12:59:10.313980800,13
490,Daniel,"PSC 8423, Box 6058
APO AP 73938",Lake Calebfort,001-888-169-1776x0687,r*****e@hotmail.com,https://www.rodriguez.info/,30000,1995-03-06 20:39:50.525539200,17
491,David,"861 Brandy Island
Bennettberg, SD 45927",Johnport,001-569-065-1368x924,h*****l@hotmail.com,https://www.lozano-wood.com/,50000,2001-02-06 20:03:01.970553600,18
492,Tony,"070 Rodney Creek
Lake Christyport, AR 45988",Andrewhaven,319.759.5450x102,e*****t@hotmail.com,https://espinoza-pitts.org/,50000,2007-03-12 17:41:18.699763200,18
493,Lisa,"84181 Ryan Falls Apt. 009
Lake Sheila, NE 40532",South Nancyville,(974)128-4670,p*****l@yahoo.com,http://davis-sims.org/,30000,1997-10-23 14:15:06.452006400,19
494,Barbara,"USS Taylor
FPO AP 52815",East Hollyshire,(136)162-0316,a*****e@gmail.com,http://morgan.net/,40000,2000-04-24 11:36:48.053836800,16
495,Carrie,"26630 Raymond Pine Apt. 299
Whitechester, IN 04274",Montgomeryton,(839)795-1878x29955,a*****y@veit.co.uk,http://www.landry.com/,40000,1995-12-30 16:40:58.379318400,29
496,Elizabeth,"84441 Daniel Flats
Hensleyberg, SC 19415",Moraville,+1-417-598-2712x839,r*****i@euresti.co.uk,http://young-graves.biz/,40000,1998-06-17 11:23:56.188204800,22
497,Gregory,"972 Caroline Causeway
Williamsville, IN 67894",Port Donnafort,7624863236,c*****g@brenning.co.uk,http://www.thompson.com/,40000,1997-03-18 22:03:29.331331200,30
498,David,"72025 Amanda Road Apt. 731
Dodsonchester, CT 55129",Hullchester,496.699.9629x67632,c*****y@gmail.com,https://www.hansen.com/,30000,1994-11-15 21:48:38.237414400,21
499,Maria,"9057 Mary Cove Apt. 128
Rollinsmouth, CO 47367",Donaldberg,2787309536,m*****i@hotmail.com,http://www.rivera-allen.info/,40000,1999-09-18 20:38:06.739699200,12
